Date,Values
2014-12-31,2148.5
2015-01-01,2904.0
2015-01-02,3245.0
2015-01-03,3247.0
2015-01-04,3217.75
2015-01-05,3246.25
2015-01-06,3265.5
2015-01-07,3004.0
2015-01-08,2994.25
2015-01-09,3190.75
2015-01-10,3252.5
2015-01-11,3156.75
2015-01-12,2135.5
2015-01-13,3017.0
2015-01-14,3321.25
2015-01-15,3271.0
2015-01-16,3225.5
2015-01-17,3364.5
2015-01-18,3308.5
2015-01-19,3259.5
2015-01-20,3344.75
2015-01-21,3343.75
2015-01-22,3329.75
2015-01-23,3314.5
2015-01-24,3198.25
2015-01-25,3306.25
2015-01-26,3150.75
2015-01-27,3223.75
2015-01-28,3091.0
2015-01-29,3310.5
2015-01-30,3370.0
2015-01-31,3440.25
2015-02-01,3406.75
2015-02-02,3382.0
2015-02-03,3332.0
2015-02-04,3410.0
2015-02-05,3428.25
2015-02-06,3102.5
2015-02-07,2788.5
2015-02-08,3144.5
2015-02-09,3334.75
2015-02-10,3273.25
2015-02-11,3394.75
2015-02-12,3379.0
2015-02-13,3372.0
2015-02-14,2814.75
2015-02-15,2775.5
2015-02-16,3039.0
2015-02-17,3252.25
2015-02-18,3225.5
2015-02-19,3012.5
2015-02-20,2371.0
2015-02-21,2413.0
2015-02-22,2442.5
2015-02-23,2429.0
2015-02-24,2425.0
2015-02-25,2465.25
2015-02-26,2534.75
2015-02-27,2506.0
2015-02-28,1912.25
2015-03-01,2168.75
2015-03-02,2540.5
2015-03-03,2737.75
2015-03-04,2936.0
2015-03-05,3095.5
2015-03-06,2186.75
2015-03-07,1923.25
2015-03-08,2207.5
2015-03-09,2192.75
2015-03-10,2015.0
2015-03-11,1408.25
2015-03-12,1415.5
2015-03-13,2242.75
2015-03-14,2839.25
2015-03-15,2345.25
2015-03-16,1952.25
2015-03-17,2098.0
2015-03-18,2419.75
2015-03-19,2666.0
2015-03-20,2649.5
2015-03-21,2493.75
2015-03-22,2808.5
2015-03-23,2599.25
2015-03-24,2286.75
2015-03-25,2087.5
2015-03-26,2426.0
2015-03-27,2473.5
2015-03-28,2040.0
2015-03-29,2327.75
2015-03-30,2204.0
2015-03-31,3137.25
2015-04-01,3325.0
2015-04-02,3565.75
2015-04-03,4124.0
2015-04-04,3492.0
2015-04-05,3630.25
2015-04-06,3547.5
2015-04-07,4011.0
2015-04-08,3866.25
2015-04-09,3326.75
2015-04-10,2842.25
2015-04-11,2859.0
2015-04-12,2959.25
2015-04-13,3077.5
2015-04-14,2914.0
2015-04-15,2677.5
2015-04-16,2439.5
2015-04-17,2500.0
2015-04-18,2491.0
2015-04-19,2937.75
2015-04-20,3155.75
2015-04-21,3207.25
2015-04-22,3208.75
2015-04-23,3240.75
2015-04-24,2924.25
2015-04-25,3017.25
2015-04-26,3276.25
2015-04-27,3335.75
2015-04-28,3179.75
2015-04-29,3295.0
2015-04-30,3011.0
2015-05-01,3059.0
2015-05-02,2803.75
2015-05-03,2826.75
2015-05-04,2742.25
2015-05-05,2815.5
2015-05-06,2802.75
2015-05-07,2821.0
2015-05-08,2520.0
2015-05-09,2519.0
2015-05-10,2512.5
2015-05-11,2454.25
2015-05-12,2482.25
2015-05-13,2527.0
2015-05-14,2550.5
2015-05-15,2533.25
2015-05-16,2540.25
2015-05-17,2464.0
2015-05-18,2465.75
2015-05-19,2471.25
2015-05-20,2456.75
2015-05-21,2554.75
2015-05-22,2564.25
2015-05-23,2555.75
2015-05-24,2537.0
2015-05-25,2546.5
2015-05-26,2561.0
2015-05-27,2541.75
2015-05-28,2467.75
2015-05-29,2419.5
2015-05-30,2425.5
2015-05-31,2300.5
2015-06-01,2288.75
2015-06-02,2241.0
2015-06-03,2241.5
2015-06-04,2225.0
2015-06-05,2249.0
2015-06-06,2212.5
2015-06-07,2268.75
2015-06-08,2524.0
2015-06-09,2868.75
2015-06-10,2838.25
2015-06-11,2813.0
2015-06-12,2541.0
2015-06-13,2542.5
2015-06-14,2721.5
2015-06-15,2784.75
2015-06-16,2840.5
2015-06-17,2750.25
2015-06-18,2833.75
2015-06-19,2880.5
2015-06-20,2687.75
2015-06-21,2707.75
2015-06-22,2973.0
2015-06-23,2963.25
2015-06-24,2955.75
2015-06-25,2849.75
2015-06-26,2661.5
2015-06-27,2610.0
2015-06-28,2707.0
2015-06-29,2714.5
2015-06-30,2297.25
2015-07-01,2279.5
2015-07-02,2505.5
2015-07-03,2100.75
2015-07-04,2085.5
2015-07-05,2195.75
2015-07-06,2176.25
2015-07-07,2249.25
2015-07-08,2310.25
2015-07-09,2404.0
2015-07-10,2289.75
2015-07-11,2247.0
2015-07-12,2385.5
2015-07-13,2420.0
2015-07-14,2282.0
2015-07-15,2345.0
2015-07-16,2332.25
2015-07-17,2179.75
2015-07-18,2167.5
2015-07-19,2366.75
2015-07-20,2401.5
2015-07-21,2438.5
2015-07-22,2480.5
2015-07-23,2490.25
2015-07-24,2227.75
2015-07-25,2257.0
2015-07-26,2330.75
2015-07-27,2241.25
2015-07-28,2257.25
2015-07-29,2258.5
2015-07-30,2346.75
2015-07-31,2253.5
2015-08-01,2204.75
2015-08-02,2170.25
2015-08-03,2221.75
2015-08-04,2237.5
2015-08-05,2194.0
2015-08-06,2131.5
2015-08-07,1988.25
2015-08-08,1889.0
2015-08-09,2162.75
2015-08-10,2212.25
2015-08-11,2155.5
2015-08-12,2162.0
2015-08-13,2186.25
2015-08-14,2076.5
2015-08-15,2041.25
2015-08-16,2113.0
2015-08-17,2130.25
2015-08-18,2127.75
2015-08-19,2116.5
2015-08-20,2105.5
2015-08-21,1810.25
2015-08-22,1799.25
2015-08-23,2208.25
2015-08-24,2250.75
2015-08-25,2253.25
2015-08-26,2248.0
2015-08-27,2160.25
2015-08-28,1778.75
2015-08-29,1765.0
2015-08-30,2014.25
2015-08-31,2036.75
2015-09-01,2013.25
2015-09-02,1994.0
2015-09-03,1965.5
2015-09-04,2003.25
2015-09-05,2009.75
2015-09-06,2103.5
2015-09-07,2122.5
2015-09-08,2141.25
2015-09-09,2228.0
2015-09-10,2242.5
2015-09-11,1992.75
2015-09-12,1896.0
2015-09-13,1970.25
2015-09-14,1954.25
2015-09-15,2008.5
2015-09-16,1982.25
2015-09-17,2053.5
2015-09-18,1937.75
2015-09-19,1958.25
2015-09-20,2221.0
2015-09-21,2207.0
2015-09-22,2357.0
2015-09-23,2208.75
2015-09-24,2304.25
2015-09-25,2308.75
2015-09-26,2266.5
2015-09-27,2490.5
2015-09-28,2490.5
2015-09-29,2464.0
2015-09-30,2031.0
2015-10-01,2097.0
2015-10-02,2099.5
2015-10-03,2076.75
2015-10-04,2025.25
2015-10-05,2003.25
2015-10-06,2049.75
2015-10-07,2102.0
2015-10-08,2198.5
2015-10-09,2172.5
2015-10-10,1942.5
2015-10-11,2175.25
2015-10-12,2210.75
2015-10-13,2230.25
2015-10-14,2245.75
2015-10-15,2269.5
2015-10-16,2260.5
2015-10-17,2230.25
2015-10-18,2101.75
2015-10-19,1965.25
2015-10-20,2233.0
2015-10-21,2357.75
2015-10-22,2325.5
2015-10-23,2240.75
2015-10-24,2313.5
2015-10-25,2352.5
2015-10-26,2310.25
2015-10-27,2263.25
2015-10-28,2277.25
2015-10-29,2271.75
2015-10-30,2272.25
2015-10-31,2346.75
2015-11-01,2612.5
2015-11-02,2898.25
2015-11-03,2919.25
2015-11-04,2694.0
2015-11-05,2402.5
2015-11-06,1882.25
2015-11-07,1791.75
2015-11-08,1851.25
2015-11-09,1696.25
2015-11-10,1966.75
2015-11-11,2043.75
2015-11-12,1768.75
2015-11-13,1654.5
2015-11-14,1546.25
2015-11-15,1799.75
2015-11-16,1801.0
2015-11-17,1753.5
2015-11-18,1706.0
2015-11-19,1842.0
2015-11-20,2624.0
2015-11-21,3023.0
2015-11-22,3053.75
2015-11-23,3100.25
2015-11-24,3061.25
2015-11-25,3104.0
2015-11-26,2998.5
2015-11-27,2450.75
2015-11-28,1908.25
2015-11-29,2040.0
2015-11-30,2741.0
2015-12-01,2958.0
2015-12-02,2974.25
2015-12-03,2280.5
2015-12-04,2496.25
2015-12-05,2349.5
2015-12-06,2806.5
2015-12-07,2744.0
2015-12-08,2748.25
2015-12-09,2980.25
2015-12-10,2090.5
2015-12-11,3219.5
2015-12-12,3556.5
2015-12-13,4180.25
2015-12-14,4156.25
2015-12-15,4144.25
2015-12-16,3788.5
2015-12-17,3614.0
2015-12-18,3639.0
2015-12-19,3474.75
2015-12-20,3321.0
2015-12-21,3370.75
2015-12-22,3257.75
2015-12-23,3547.25
2015-12-24,3130.75
2015-12-25,3012.75
2015-12-26,2985.75
2015-12-27,3632.75
2015-12-28,3976.75
2015-12-29,3880.25
2015-12-30,3811.75
2015-12-31,4380.25
2016-01-01,4113.75
2016-01-02,4203.5
2016-01-03,4298.25
2016-01-04,4408.25
2016-01-05,4343.25
2016-01-06,4361.5
2016-01-07,4139.5
2016-01-08,4397.25
2016-01-09,4243.25
2016-01-10,4383.5
2016-01-11,4419.5
2016-01-12,4483.25
2016-01-13,4525.75
2016-01-14,4523.75
2016-01-15,4514.5
2016-01-16,4546.25
2016-01-17,4554.25
2016-01-18,4546.75
2016-01-19,4548.0
2016-01-20,4567.25
2016-01-21,4514.5
2016-01-22,4490.25
2016-01-23,4512.75
2016-01-24,4462.25
2016-01-25,4200.5
2016-01-26,3991.75
2016-01-27,4249.25
2016-01-28,4444.25
2016-01-29,3636.75
2016-01-30,3542.5
2016-01-31,3701.25
2016-02-01,3367.75
2016-02-02,3705.25
2016-02-03,3960.0
2016-02-04,4542.25
2016-02-05,4157.5
2016-02-06,3321.0
2016-02-07,3420.75
2016-02-08,3716.5
2016-02-09,3906.0
2016-02-10,3876.5
2016-02-11,4378.5
2016-02-12,4378.0
2016-02-13,4100.5
2016-02-14,4344.0
2016-02-15,4351.25
2016-02-16,4349.75
2016-02-17,4380.75
2016-02-18,4370.75
2016-02-19,3505.5
2016-02-20,3034.25
2016-02-21,3626.5
2016-02-22,4341.75
2016-02-23,4396.5
2016-02-24,4410.0
2016-02-25,4472.75
2016-02-26,4522.75
2016-02-27,4520.5
2016-02-28,4503.25
2016-02-29,4696.75
2016-03-01,4590.0
2016-03-02,4590.25
2016-03-03,4696.25
2016-03-04,4775.25
2016-03-05,4773.0
2016-03-06,4777.75
2016-03-07,4755.75
2016-03-08,4681.75
2016-03-09,4675.75
2016-03-10,4773.0
2016-03-11,4758.25
2016-03-12,4807.0
2016-03-13,4734.25
2016-03-14,4740.5
2016-03-15,4618.5
2016-03-16,4497.25
2016-03-17,4672.0
2016-03-18,4691.0
2016-03-19,4744.25
2016-03-20,4430.25
2016-03-21,4701.5
2016-03-22,4690.0
2016-03-23,4777.75
2016-03-24,4694.75
2016-03-25,4368.75
2016-03-26,3668.5
2016-03-27,3782.0
2016-03-28,4101.25
2016-03-29,4268.5
2016-03-30,4290.75
2016-03-31,4374.0
2016-04-01,4251.5
2016-04-02,3857.0
2016-04-03,3770.5
2016-04-04,3753.25
2016-04-05,3887.25
2016-04-06,3916.5
2016-04-07,3934.0
2016-04-08,3879.25
2016-04-09,3970.25
2016-04-10,4025.0
2016-04-11,3951.75
2016-04-12,4044.25
2016-04-13,4107.5
2016-04-14,4127.25
2016-04-15,4069.5
2016-04-16,3821.75
2016-04-17,4061.75
2016-04-18,3989.75
2016-04-19,4129.25
2016-04-20,4061.5
2016-04-21,4018.25
2016-04-22,4078.0
2016-04-23,4192.0
2016-04-24,4204.0
2016-04-25,4094.0
2016-04-26,3884.0
2016-04-27,3943.75
2016-04-28,4176.5
2016-04-29,3919.25
2016-04-30,3762.5
2016-05-01,3848.0
2016-05-02,3628.75
2016-05-03,3917.5
2016-05-04,3888.75
2016-05-05,3681.75
2016-05-06,3513.25
2016-05-07,3492.75
2016-05-08,3557.75
2016-05-09,3567.75
2016-05-10,3615.5
2016-05-11,3495.5
2016-05-12,3570.25
2016-05-13,3554.0
2016-05-14,3529.0
2016-05-15,3700.25
2016-05-16,3930.0
2016-05-17,3708.0
2016-05-18,3693.5
2016-05-19,3546.25
2016-05-20,3460.0
2016-05-21,3431.75
2016-05-22,3609.0
2016-05-23,3493.5
2016-05-24,3502.0
2016-05-25,3607.0
2016-05-26,3655.5
2016-05-27,3476.5
2016-05-28,3472.0
2016-05-29,3592.0
2016-05-30,3624.0
2016-05-31,3543.75
2016-06-01,3623.75
2016-06-02,3509.75
2016-06-03,3170.75
2016-06-04,3197.5
2016-06-05,3168.75
2016-06-06,3172.5
2016-06-07,3180.0
2016-06-08,3170.75
2016-06-09,3150.75
2016-06-10,3207.5
2016-06-11,3184.5
2016-06-12,3160.0
2016-06-13,3158.0
2016-06-14,3120.0
2016-06-15,3061.5
2016-06-16,3095.25
2016-06-17,3146.0
2016-06-18,3208.0
2016-06-19,3162.0
2016-06-20,3129.75
2016-06-21,3054.5
2016-06-22,3018.75
2016-06-23,3016.5
2016-06-24,3037.25
2016-06-25,3083.5
2016-06-26,3041.0
2016-06-27,3002.25
2016-06-28,2992.25
2016-06-29,3002.5
2016-06-30,2580.0
2016-07-01,2605.25
2016-07-02,2616.5
2016-07-03,2583.0
2016-07-04,2565.25
2016-07-05,2585.5
2016-07-06,2576.5
2016-07-07,2557.25
2016-07-08,2546.25
2016-07-09,2551.25
2016-07-10,2544.75
2016-07-11,2548.25
2016-07-12,2561.75
2016-07-13,2549.5
2016-07-14,2620.75
2016-07-15,2651.25
2016-07-16,2595.25
2016-07-17,2552.0
2016-07-18,2590.0
2016-07-19,2601.5
2016-07-20,2574.0
2016-07-21,2666.0
2016-07-22,2656.25
2016-07-23,2663.5
2016-07-24,2668.25
2016-07-25,2671.75
2016-07-26,2668.0
2016-07-27,2698.75
2016-07-28,2683.75
2016-07-29,2659.75
2016-07-30,2684.75
2016-07-31,3047.5
2016-08-01,3083.25
2016-08-02,3062.25
2016-08-03,3025.75
2016-08-04,3160.5
2016-08-05,3066.75
2016-08-06,3152.0
2016-08-07,3136.5
2016-08-08,3043.75
2016-08-09,3055.25
2016-08-10,3095.0
2016-08-11,3066.0
2016-08-12,3039.0
2016-08-13,3020.75
2016-08-14,3035.75
2016-08-15,3042.0
2016-08-16,3036.25
2016-08-17,3049.75
2016-08-18,3044.0
2016-08-19,3051.75
2016-08-20,3088.0
2016-08-21,3104.0
2016-08-22,3079.75
2016-08-23,3079.5
2016-08-24,3078.25
2016-08-25,3059.0
2016-08-26,3047.25
2016-08-27,3005.25
2016-08-28,2985.75
2016-08-29,3070.5
2016-08-30,3029.75
2016-08-31,2863.0
2016-09-01,2871.25
2016-09-02,2895.5
2016-09-03,2928.75
2016-09-04,2971.5
2016-09-05,2964.5
2016-09-06,2933.5
2016-09-07,2926.25
2016-09-08,2907.0
2016-09-09,2924.25
2016-09-10,2896.75
2016-09-11,2916.25
2016-09-12,3122.0
2016-09-13,3121.5
2016-09-14,3128.5
2016-09-15,3311.75
2016-09-16,3381.25
2016-09-17,3337.5
2016-09-18,3714.5
2016-09-19,3645.5
2016-09-20,3845.5
2016-09-21,3775.25
2016-09-22,3696.75
2016-09-23,3603.5
2016-09-24,3459.5
2016-09-25,3670.25
2016-09-26,3463.25
2016-09-27,3157.75
2016-09-28,3267.25
2016-09-29,3462.0
2016-09-30,3646.75
2016-10-01,3620.0
2016-10-02,3804.75
2016-10-03,3875.25
2016-10-04,3888.0
2016-10-05,3838.75
2016-10-06,3906.75
2016-10-07,3956.5
2016-10-08,3979.5
2016-10-09,3984.5
2016-10-10,3879.75
2016-10-11,3905.5
2016-10-12,3958.5
2016-10-13,3920.0
2016-10-14,3846.25
2016-10-15,3900.75
2016-10-16,3913.75
2016-10-17,3959.5
2016-10-18,4046.5
2016-10-19,4074.75
2016-10-20,4011.5
2016-10-21,4096.5
2016-10-22,4083.0
2016-10-23,3909.75
2016-10-24,3904.0
2016-10-25,3935.75
2016-10-26,4243.75
2016-10-27,4161.0
2016-10-28,4269.5
2016-10-29,4595.75
2016-10-30,4731.25
2016-10-31,4407.5
2016-11-01,4433.75
2016-11-02,4716.5
2016-11-03,4689.75
2016-11-04,4716.0
2016-11-05,4672.0
2016-11-06,4401.5
2016-11-07,4788.5
2016-11-08,4752.0
2016-11-09,4791.5
2016-11-10,4811.0
2016-11-11,4810.75
2016-11-12,4814.5
2016-11-13,4695.25
2016-11-14,4712.25
2016-11-15,4729.75
2016-11-16,4698.0
2016-11-17,4404.0
2016-11-18,4715.75
2016-11-19,4017.75
2016-11-20,4448.75
2016-11-21,4360.0
2016-11-22,4602.75
2016-11-23,4780.0
2016-11-24,4899.75
2016-11-25,4828.25
2016-11-26,4866.5
2016-11-27,4959.5
2016-11-28,4982.5
2016-11-29,4884.25
2016-11-30,4644.5
2016-12-01,4832.25
2016-12-02,4863.25
2016-12-03,4890.75
2016-12-04,4894.5
2016-12-05,4906.0
2016-12-06,4795.25
2016-12-07,4631.5
2016-12-08,4532.25
2016-12-09,4448.5
2016-12-10,4263.25
2016-12-11,4774.25
2016-12-12,4745.75
2016-12-13,4641.5
2016-12-14,4783.75
2016-12-15,4845.75
2016-12-16,4839.0
2016-12-17,4828.0
2016-12-18,4865.5
2016-12-19,4886.75
2016-12-20,4903.75
2016-12-21,4900.25
2016-12-22,4864.25
2016-12-23,4747.25
2016-12-24,3754.75
2016-12-25,3696.75
2016-12-26,4259.75
2016-12-27,4610.5
2016-12-28,4690.0
2016-12-29,4762.25
2016-12-30,4727.25
2016-12-31,4559.0
2017-01-01,4614.5
2017-01-02,4398.25
2017-01-03,4495.0
2017-01-04,4611.75
2017-01-05,4560.75
2017-01-06,4564.25
2017-01-07,4522.25
2017-01-08,4548.25
2017-01-09,4609.75
2017-01-10,4565.5
2017-01-11,4555.5
2017-01-12,4600.0
2017-01-13,4625.25
2017-01-14,4675.5
2017-01-15,4784.0
2017-01-16,4791.0
2017-01-17,4773.0
2017-01-18,4809.25
2017-01-19,4811.5
2017-01-20,4808.75
2017-01-21,4824.75
2017-01-22,4699.75
2017-01-23,4539.25
2017-01-24,4526.75
2017-01-25,4512.75
2017-01-26,4534.25
2017-01-27,4610.5
2017-01-28,4475.5
2017-01-29,4491.0
2017-01-30,4510.25
2017-01-31,6060.0
2017-02-01,6040.75
2017-02-02,6066.5
2017-02-03,6040.5
2017-02-04,6099.75
2017-02-05,6096.0
2017-02-06,6111.25
2017-02-07,6130.75
2017-02-08,6207.0
2017-02-09,6135.25
2017-02-10,6176.25
2017-02-11,6195.5
2017-02-12,6194.0
2017-02-13,6162.0
2017-02-14,6127.5
2017-02-15,6095.5
2017-02-16,6137.5
2017-02-17,6169.75
2017-02-18,6087.75
2017-02-19,6037.5
2017-02-20,5975.5
2017-02-21,5914.5
2017-02-22,5862.0
2017-02-23,6023.0
2017-02-24,6143.5
2017-02-25,5990.25
2017-02-26,5851.0
2017-02-27,5710.25
2017-02-28,5628.25
2017-03-01,5730.25
2017-03-02,5526.25
2017-03-03,5332.75
2017-03-04,5127.75
2017-03-05,5598.75
2017-03-06,5703.25
2017-03-07,5512.0
2017-03-08,5620.0
2017-03-09,5589.25
2017-03-10,5588.5
2017-03-11,5643.5
2017-03-12,5714.25
2017-03-13,5600.25
2017-03-14,5372.75
2017-03-15,5608.25
2017-03-16,5492.75
2017-03-17,5329.5
2017-03-18,5600.0
2017-03-19,5430.0
2017-03-20,5378.0
2017-03-21,5530.25
2017-03-22,5576.5
2017-03-23,5368.5
2017-03-24,5483.5
2017-03-25,5078.25
2017-03-26,5299.25
2017-03-27,5114.25
2017-03-28,5177.25
2017-03-29,4906.0
2017-03-30,4771.5
2017-03-31,4684.5
2017-04-01,4795.5
2017-04-02,4903.25
2017-04-03,4972.0
2017-04-04,4910.5
2017-04-05,4947.5
2017-04-06,4957.5
2017-04-07,4922.5
2017-04-08,4790.0
2017-04-09,4684.5
2017-04-10,4971.0
2017-04-11,5015.0
2017-04-12,5008.25
2017-04-13,5071.75
2017-04-14,4965.75
2017-04-15,5118.25
2017-04-16,5733.25
2017-04-17,5889.0
2017-04-18,5961.25
2017-04-19,5942.75
2017-04-20,5682.25
2017-04-21,5574.25
2017-04-22,5512.75
2017-04-23,5666.75
2017-04-24,5674.0
2017-04-25,5863.0
2017-04-26,5803.5
2017-04-27,5651.5
2017-04-28,5655.75
2017-04-29,5153.5
2017-04-30,4817.75
2017-05-01,5410.75
2017-05-02,5282.25
2017-05-03,5401.5
2017-05-04,5321.5
2017-05-05,4953.5
2017-05-06,4998.75
2017-05-07,5416.0
2017-05-08,5720.25
2017-05-09,5682.0
2017-05-10,5355.5
2017-05-11,5113.5
2017-05-12,4755.75
2017-05-13,4729.25
2017-05-14,4819.0
2017-05-15,4648.25
2017-05-16,4456.25
2017-05-17,4386.75
2017-05-18,4421.75
2017-05-19,4392.75
2017-05-20,4352.5
2017-05-21,4511.25
2017-05-22,4430.75
2017-05-23,4640.25
2017-05-24,4518.5
2017-05-25,4607.0
2017-05-26,4387.5
2017-05-27,4330.75
2017-05-28,4316.5
2017-05-29,4299.5
2017-05-30,4281.75
2017-05-31,4297.5
2017-06-01,3968.25
2017-06-02,4000.75
2017-06-03,4053.75
2017-06-04,4034.5
2017-06-05,3989.5
2017-06-06,3915.25
2017-06-07,3872.5
2017-06-08,3943.25
2017-06-09,4007.75
2017-06-10,3986.25
2017-06-11,3961.0
2017-06-12,3963.25
2017-06-13,3932.5
2017-06-14,3897.75
2017-06-15,3904.25
2017-06-16,3989.0
2017-06-17,3932.25
2017-06-18,3907.75
2017-06-19,3851.0
2017-06-20,3846.5
2017-06-21,3840.25
2017-06-22,3832.5
2017-06-23,3946.0
2017-06-24,3982.75
2017-06-25,3923.5
2017-06-26,3898.25
2017-06-27,3988.75
2017-06-28,3988.5
2017-06-29,3934.25
2017-06-30,3740.0
2017-07-01,3758.25
2017-07-02,3752.5
2017-07-03,3732.75
2017-07-04,3704.25
2017-07-05,3733.25
2017-07-06,3761.75
2017-07-07,3776.25
2017-07-08,3811.0
2017-07-09,4023.25
2017-07-10,3891.5
2017-07-11,3913.75
2017-07-12,3992.25
2017-07-13,3797.25
2017-07-14,3802.5
2017-07-15,3781.0
2017-07-16,3740.0
2017-07-17,3731.0
2017-07-18,3695.75
2017-07-19,3734.75
2017-07-20,3756.25
2017-07-21,3745.0
2017-07-22,3762.0
2017-07-23,3795.5
2017-07-24,3959.75
2017-07-25,3938.25
2017-07-26,3882.75
2017-07-27,3807.75
2017-07-28,3798.5
2017-07-29,3737.25
2017-07-30,3976.75
2017-07-31,4186.0
2017-08-01,4156.25
2017-08-02,4075.75
2017-08-03,4088.5
2017-08-04,4156.75
2017-08-05,4146.25
2017-08-06,4322.75
2017-08-07,4298.0
2017-08-08,4170.75
2017-08-09,4467.5
2017-08-10,4468.25
2017-08-11,4269.75
2017-08-12,4178.75
2017-08-13,4324.25
2017-08-14,4195.0
2017-08-15,4313.5
2017-08-16,4199.75
2017-08-17,4329.75
2017-08-18,4256.5
2017-08-19,4094.5
2017-08-20,4382.0
2017-08-21,4299.5
2017-08-22,4284.75
2017-08-23,4254.75
2017-08-24,4245.25
2017-08-25,4226.75
2017-08-26,4116.25
2017-08-27,4264.5
2017-08-28,4268.0
2017-08-29,4346.25
2017-08-30,4340.5
2017-08-31,4354.5
2017-09-01,4331.5
2017-09-02,4330.75
2017-09-03,4427.25
2017-09-04,4514.0
2017-09-05,4409.0
2017-09-06,4431.25
2017-09-07,4514.0
2017-09-08,4468.75
2017-09-09,4510.0
2017-09-10,4427.25
2017-09-11,4514.25
2017-09-12,4405.75
2017-09-13,4574.75
2017-09-14,4479.0
2017-09-15,3928.5
2017-09-16,3932.5
2017-09-17,3888.75
2017-09-18,3930.75
2017-09-19,3927.25
2017-09-20,4095.75
2017-09-21,4098.25
2017-09-22,3896.75
2017-09-23,3904.0
2017-09-24,3908.75
2017-09-25,4136.5
2017-09-26,4284.25
2017-09-27,4058.0
2017-09-28,4510.0
2017-09-29,4424.5
2017-09-30,4491.25
2017-10-01,4494.75
2017-10-02,4470.5
2017-10-03,4463.5
2017-10-04,4439.75
2017-10-05,4637.5
2017-10-06,4540.5
2017-10-07,4473.5
2017-10-08,5048.75
2017-10-09,5024.0
2017-10-10,4704.0
2017-10-11,4609.5
2017-10-12,4636.5
2017-10-13,4599.25
2017-10-14,4524.75
2017-10-15,4362.0
2017-10-16,4240.5
2017-10-17,4453.0
2017-10-18,4510.5
2017-10-19,4473.25
2017-10-20,4536.5
2017-10-21,4593.25
2017-10-22,4928.5
2017-10-23,4908.0
2017-10-24,4735.25
2017-10-25,4729.75
2017-10-26,4866.75
2017-10-27,4390.75
2017-10-28,4379.0
2017-10-29,5125.0
2017-10-30,5443.25
2017-10-31,5309.25
2017-11-01,5191.75
2017-11-02,5209.75
2017-11-03,5111.75
2017-11-04,5064.5
2017-11-05,5290.5
2017-11-06,5384.0
2017-11-07,5381.25
2017-11-08,5324.5
2017-11-09,5293.25
2017-11-10,5295.5
2017-11-11,5333.75
2017-11-12,5341.0
2017-11-13,5358.5
2017-11-14,5349.5
2017-11-15,5358.0
2017-11-16,5421.5
2017-11-17,5479.0
2017-11-18,5019.75
2017-11-19,5544.25
2017-11-20,5441.75
2017-11-21,5290.75
2017-11-22,5037.75
2017-11-23,5068.5
2017-11-24,5469.0
2017-11-25,5557.25
2017-11-26,5395.25
2017-11-27,5377.0
2017-11-28,5518.25
2017-11-29,5625.0
2017-11-30,5708.5
2017-12-01,5708.25
2017-12-02,5673.5
2017-12-03,5668.25
2017-12-04,5618.0
2017-12-05,5610.75
2017-12-06,5530.5
2017-12-07,5492.75
2017-12-08,5664.0
2017-12-09,5510.0
2017-12-10,5650.0
2017-12-11,5524.5
2017-12-12,5529.75
2017-12-13,5429.5
2017-12-14,5556.0
2017-12-15,5558.5
2017-12-16,5577.0
2017-12-17,5583.0
2017-12-18,5582.25
2017-12-19,5597.25
2017-12-20,5506.0
2017-12-21,5313.5
2017-12-22,4795.0
2017-12-23,4162.25
2017-12-24,4540.0
2017-12-25,4447.75
2017-12-26,5419.75
2017-12-27,5684.0
2017-12-28,5419.5
2017-12-29,4924.25
2017-12-30,4240.75
2017-12-31,4268.5
2018-01-01,5370.5
2018-01-02,5129.75
2018-01-03,5304.25
2018-01-04,5154.5
2018-01-05,4637.5
2018-01-06,4671.75
2018-01-07,5494.5
2018-01-08,5522.25
2018-01-09,5527.5
2018-01-10,5555.25
2018-01-11,5539.5
2018-01-12,5551.75
2018-01-13,5540.5
2018-01-14,5506.75
2018-01-15,5380.0
2018-01-16,5465.0
2018-01-17,5504.25
2018-01-18,5534.75
2018-01-19,5464.0
2018-01-20,5525.25
2018-01-21,5512.75
2018-01-22,5477.25
2018-01-23,5321.0
2018-01-24,5168.0
2018-01-25,5420.25
2018-01-26,5328.25
2018-01-27,4356.25
2018-01-28,4930.75
2018-01-29,5429.5
2018-01-30,5453.5
2018-01-31,5729.0
2018-02-01,5820.75
2018-02-02,5819.25
2018-02-03,5855.0
2018-02-04,5831.25
2018-02-05,5790.75
2018-02-06,5748.25
2018-02-07,5810.0
2018-02-08,5805.5
2018-02-09,5807.25
2018-02-10,5579.75
2018-02-11,5761.5
2018-02-12,5758.0
2018-02-13,5677.25
2018-02-14,5697.5
2018-02-15,5749.0
2018-02-16,5795.5
2018-02-17,5787.5
2018-02-18,5813.25
2018-02-19,5812.75
2018-02-20,5789.5
2018-02-21,5796.75
2018-02-22,5810.0
2018-02-23,5660.5
2018-02-24,5727.0
2018-02-25,5735.25
2018-02-26,5840.75
2018-02-27,5791.5
2018-02-28,5571.25
2018-03-01,5577.0
2018-03-02,5529.0
2018-03-03,5460.25
2018-03-04,5374.0
2018-03-05,5390.25
2018-03-06,5380.5
2018-03-07,5368.5
2018-03-08,5342.75
2018-03-09,5340.25
2018-03-10,4988.5
2018-03-11,5121.0
2018-03-12,5107.0
2018-03-13,5399.25
2018-03-14,5358.5
2018-03-15,5370.75
2018-03-16,5271.25
2018-03-17,4964.5
2018-03-18,5288.25
2018-03-19,5362.5
2018-03-20,5332.75
2018-03-21,5362.0
2018-03-22,5368.25
2018-03-23,5371.75
2018-03-24,5065.0
2018-03-25,5345.75
2018-03-26,5286.75
2018-03-27,5388.0
2018-03-28,5352.5
2018-03-29,5235.25
2018-03-30,5331.5
2018-03-31,5721.75
2018-04-01,5563.75
2018-04-02,5315.5
2018-04-03,4740.75
2018-04-04,5002.25
2018-04-05,5342.5
2018-04-06,4767.0
2018-04-07,4767.25
2018-04-08,4578.5
2018-04-09,4611.25
2018-04-10,4604.5
2018-04-11,4612.5
2018-04-12,4612.25
2018-04-13,4063.25
2018-04-14,4053.75
2018-04-15,4574.5
2018-04-16,4646.0
2018-04-17,4519.5
2018-04-18,4370.0
2018-04-19,4393.5
2018-04-20,4356.0
2018-04-21,4429.5
2018-04-22,4396.0
2018-04-23,4651.75
2018-04-24,4551.25
2018-04-25,4841.5
2018-04-26,4847.5
2018-04-27,4622.25
2018-04-28,4004.25
2018-04-29,4037.75
2018-04-30,4168.5
2018-05-01,4868.25
2018-05-02,4877.25
2018-05-03,4827.25
2018-05-04,4766.5
2018-05-05,4526.25
2018-05-06,4532.0
2018-05-07,4396.75
2018-05-08,4391.25
2018-05-09,4293.25
2018-05-10,4632.25
2018-05-11,4480.25
2018-05-12,4278.0
2018-05-13,4348.5
2018-05-14,4367.5
2018-05-15,4473.0
2018-05-16,4450.0
2018-05-17,4708.5
2018-05-18,4655.0
2018-05-19,4536.0
2018-05-20,4440.25
2018-05-21,4623.25
2018-05-22,4509.5
2018-05-23,4529.5
2018-05-24,4452.5
2018-05-25,4374.75
2018-05-26,4281.25
2018-05-27,4344.25
2018-05-28,4457.0
2018-05-29,4534.25
2018-05-30,4559.75
2018-05-31,4002.75
2018-06-01,4009.75
2018-06-02,3940.25
2018-06-03,3908.75
2018-06-04,3900.0
2018-06-05,3919.0
2018-06-06,3923.5
2018-06-07,3913.5
2018-06-08,3898.5
2018-06-09,3867.0
2018-06-10,3836.25
2018-06-11,3885.25
2018-06-12,3917.5
2018-06-13,3922.0
2018-06-14,3924.5
2018-06-15,3938.5
2018-06-16,3966.75
2018-06-17,3983.75
2018-06-18,3983.25
2018-06-19,3966.0
2018-06-20,3959.25
2018-06-21,4038.5
2018-06-22,4052.25
2018-06-23,3978.0
2018-06-24,3937.25
2018-06-25,3916.25
2018-06-26,3926.0
2018-06-27,3936.0
2018-06-28,3904.5
2018-06-29,3873.75
2018-06-30,3674.0
2018-07-01,3663.0
2018-07-02,3667.5
2018-07-03,3658.0
2018-07-04,3706.75
2018-07-05,3782.25
2018-07-06,3761.25
2018-07-07,3745.75
2018-07-08,3762.0
2018-07-09,3733.5
2018-07-10,3773.0
2018-07-11,3727.0
2018-07-12,3723.75
2018-07-13,3681.75
2018-07-14,3684.0
2018-07-15,3703.5
2018-07-16,3697.25
2018-07-17,3669.0
2018-07-18,3685.25
2018-07-19,3669.25
2018-07-20,3707.0
2018-07-21,3647.5
2018-07-22,3626.75
2018-07-23,3612.0
2018-07-24,3606.0
2018-07-25,3605.0
2018-07-26,3602.5
2018-07-27,3598.5
2018-07-28,3595.0
2018-07-29,3589.75
2018-07-30,3584.5
2018-07-31,3403.0
2018-08-01,3418.0
2018-08-02,3414.0
2018-08-03,3411.5
2018-08-04,3411.0
2018-08-05,3422.75
2018-08-06,3424.25
2018-08-07,3420.5
2018-08-08,3418.25
2018-08-09,3474.75
2018-08-10,3467.5
2018-08-11,3453.5
2018-08-12,3452.0
2018-08-13,3510.5
2018-08-14,3519.25
2018-08-15,3520.25
2018-08-16,3486.0
2018-08-17,3497.0
2018-08-18,3494.25
2018-08-19,3500.5
2018-08-20,3511.0
2018-08-21,3453.0
2018-08-22,3501.75
2018-08-23,3552.5
2018-08-24,3599.0
2018-08-25,3609.75
2018-08-26,3554.75
2018-08-27,3498.0
2018-08-28,3459.75
2018-08-29,3483.25
2018-08-30,3504.0
2018-08-31,3427.25
2018-09-01,3417.75
2018-09-02,3401.75
2018-09-03,3403.25
2018-09-04,3376.25
2018-09-05,3349.0
2018-09-06,3383.0
2018-09-07,3393.5
2018-09-08,3390.25
2018-09-09,3386.0
2018-09-10,3365.0
2018-09-11,3394.25
2018-09-12,3431.5
2018-09-13,3469.75
2018-09-14,3487.25
2018-09-15,3491.0
2018-09-16,3467.0
2018-09-17,3471.75
2018-09-18,3443.75
2018-09-19,3491.25
2018-09-20,3503.75
2018-09-21,3602.25
2018-09-22,3540.25
2018-09-23,3610.5
2018-09-24,3583.0
2018-09-25,3632.75
2018-09-26,3602.5
2018-09-27,3578.25
2018-09-28,3621.25
2018-09-29,3623.75
2018-09-30,3455.5
2018-10-01,3443.5
2018-10-02,3338.0
2018-10-03,3362.25
2018-10-04,3425.0
2018-10-05,3389.75
2018-10-06,3386.5
2018-10-07,3365.25
2018-10-08,3356.75
2018-10-09,3325.0
2018-10-10,3315.5
2018-10-11,3339.75
2018-10-12,3421.0
2018-10-13,3422.25
2018-10-14,3421.0
2018-10-15,3442.25
2018-10-16,3459.5
2018-10-17,3485.75
2018-10-18,3470.25
2018-10-19,3431.5
2018-10-20,3503.5
2018-10-21,3506.5
2018-10-22,3474.75
2018-10-23,3442.25
2018-10-24,3449.0
2018-10-25,3469.25
2018-10-26,3511.5
2018-10-27,3667.0
2018-10-28,3493.5
2018-10-29,3481.5
2018-10-30,3516.5
2018-10-31,3626.75
2018-11-01,3648.75
2018-11-02,3635.75
2018-11-03,3633.5
2018-11-04,3600.0
2018-11-05,3581.0
2018-11-06,3572.0
2018-11-07,3626.5
2018-11-08,3649.75
2018-11-09,3656.5
2018-11-10,3640.5
2018-11-11,3635.0
2018-11-12,3634.0
2018-11-13,3635.75
2018-11-14,3671.5
2018-11-15,3681.25
2018-11-16,3615.5
2018-11-17,3608.0
2018-11-18,3591.0
2018-11-19,3657.5
2018-11-20,3673.25
2018-11-21,3669.5
2018-11-22,3675.5
2018-11-23,3597.0
2018-11-24,3609.25
2018-11-25,3629.0
2018-11-26,3649.5
2018-11-27,3651.25
2018-11-28,3652.0
2018-11-29,3640.5
2018-11-30,3365.75
2018-12-01,3350.0
2018-12-02,3310.0
2018-12-03,3356.75
2018-12-04,3392.5
2018-12-05,3342.25
2018-12-06,3288.5
2018-12-07,3350.5
2018-12-08,3354.5
2018-12-09,3351.0
2018-12-10,3216.75
2018-12-11,3240.25
2018-12-12,3243.5
2018-12-13,3251.5
2018-12-14,3261.75
2018-12-15,3257.25
2018-12-16,3251.25
2018-12-17,3209.25
2018-12-18,3263.25
2018-12-19,3159.75
2018-12-20,3143.5
2018-12-21,3160.75
2018-12-22,3206.0
2018-12-23,3224.0
2018-12-24,3249.5
2018-12-25,3257.5
2018-12-26,3260.75
2018-12-27,3258.0
2018-12-28,3260.0
2018-12-29,3247.0
2018-12-30,3246.75
2018-12-31,2993.0
2019-01-01,3025.25
2019-01-02,3104.0
2019-01-03,3055.5
2019-01-04,3000.75
2019-01-05,2983.0
2019-01-06,3032.75
2019-01-07,3080.5
2019-01-08,3051.0
2019-01-09,4061.0
2019-01-10,4866.25
2019-01-11,4769.0
2019-01-12,3730.0
2019-01-13,4612.75
2019-01-14,4865.25
2019-01-15,4802.5
2019-01-16,4739.0
2019-01-17,4895.5
2019-01-18,4911.75
2019-01-19,4867.0
2019-01-20,4809.25
2019-01-21,4788.0
2019-01-22,4870.75
2019-01-23,4893.5
2019-01-24,4900.5
2019-01-25,4807.75
2019-01-26,4490.5
2019-01-27,4819.75
2019-01-28,4823.0
2019-01-29,4785.0
2019-01-30,4769.75
2019-01-31,4616.0
2019-02-01,4615.25
2019-02-02,4664.5
2019-02-03,4697.0
2019-02-04,4761.75
2019-02-05,4702.0
2019-02-06,4737.25
2019-02-07,4608.0
2019-02-08,3854.25
2019-02-09,3910.75
2019-02-10,4384.75
2019-02-11,4595.75
2019-02-12,4545.0
2019-02-13,4574.75
2019-02-14,4639.25
2019-02-15,4453.75
2019-02-16,4464.5
2019-02-17,4468.0
2019-02-18,4551.5
2019-02-19,4561.5
2019-02-20,4567.0
2019-02-21,4681.0
2019-02-22,4754.0
2019-02-23,4527.75
2019-02-24,4576.0
2019-02-25,4499.25
2019-02-26,4438.75
2019-02-27,4409.75
2019-02-28,4747.5
2019-03-01,4784.5
2019-03-02,3510.75
2019-03-03,4156.5
2019-03-04,4526.0
2019-03-05,4634.75
2019-03-06,4266.5
2019-03-07,4364.5
2019-03-08,3643.0
2019-03-09,4351.0
2019-03-10,4486.75
2019-03-11,4523.75
2019-03-12,4389.5
2019-03-13,4468.5
2019-03-14,4253.5
2019-03-15,3866.75
2019-03-16,3823.75
2019-03-17,4498.0
2019-03-18,4658.25
2019-03-19,4289.0
2019-03-20,4175.5
2019-03-21,4192.75
2019-03-22,4167.5
2019-03-23,4277.5
2019-03-24,4532.5
2019-03-25,4711.0
2019-03-26,4652.75
2019-03-27,4516.5
2019-03-28,4160.0
2019-03-29,3953.25
2019-03-30,3698.5
2019-03-31,4522.0
2019-04-01,4161.25
2019-04-02,4211.5
2019-04-03,4370.75
2019-04-04,4210.5
2019-04-05,3817.25
2019-04-06,3759.75
2019-04-07,3764.25
2019-04-08,4143.5
2019-04-09,4429.0
2019-04-10,4747.25
2019-04-11,4832.25
2019-04-12,4669.75
2019-04-13,4561.25
2019-04-14,4355.75
2019-04-15,4383.0
2019-04-16,4218.25
2019-04-17,4025.5
2019-04-18,3642.75
2019-04-19,3760.5
2019-04-20,3674.25
2019-04-21,3408.5
2019-04-22,3597.0
2019-04-23,3545.75
2019-04-24,3432.75
2019-04-25,3557.25
2019-04-26,3762.0
2019-04-27,3927.5
2019-04-28,3987.25
2019-04-29,3933.25
2019-04-30,3860.75
2019-05-01,3961.0
2019-05-02,4014.5
2019-05-03,4030.5
2019-05-04,3994.75
2019-05-05,3996.25
2019-05-06,3959.5
2019-05-07,3999.75
2019-05-08,4073.5
2019-05-09,4156.25
2019-05-10,4190.25
2019-05-11,4046.25
2019-05-12,4022.25
2019-05-13,3947.75
2019-05-14,3949.75
2019-05-15,3887.25
2019-05-16,3691.5
2019-05-17,3043.75
2019-05-18,2960.75
2019-05-19,2955.25
2019-05-20,2962.75
2019-05-21,3022.25
2019-05-22,3408.75
2019-05-23,3079.0
2019-05-24,3120.75
2019-05-25,3082.25
2019-05-26,3345.5
2019-05-27,3671.25
2019-05-28,3874.0
2019-05-29,3483.75
2019-05-30,3337.25
2019-05-31,2953.0
2019-06-01,2931.25
2019-06-02,2874.0
2019-06-03,2844.0
2019-06-04,2902.25
2019-06-05,2948.25
2019-06-06,2939.25
2019-06-07,2974.0
2019-06-08,2947.25
2019-06-09,2941.25
2019-06-10,2960.0
2019-06-11,2972.5
2019-06-12,2966.75
2019-06-13,2908.25
2019-06-14,2891.5
2019-06-15,2901.75
2019-06-16,2888.75
2019-06-17,2910.5
2019-06-18,2891.0
2019-06-19,2910.75
2019-06-20,2905.25
2019-06-21,2939.0
2019-06-22,2904.75
2019-06-23,2827.5
2019-06-24,2757.25
2019-06-25,2739.5
2019-06-26,3048.25
2019-06-27,3415.5
2019-06-28,3173.5
2019-06-29,3075.75
2019-06-30,3194.0
2019-07-01,3339.0
2019-07-02,3232.0
2019-07-03,3361.0
2019-07-04,3288.25
2019-07-05,3091.25
2019-07-06,3174.75
2019-07-07,3517.75
2019-07-08,3572.5
2019-07-09,3465.0
2019-07-10,3561.5
2019-07-11,3606.0
2019-07-12,3284.0
2019-07-13,3211.25
2019-07-14,3475.25
2019-07-15,3455.25
2019-07-16,3497.25
2019-07-17,3512.75
2019-07-18,3530.25
2019-07-19,3188.0
2019-07-20,3173.0
2019-07-21,3382.0
2019-07-22,3212.25
2019-07-23,3324.0
2019-07-24,3300.5
2019-07-25,3196.5
2019-07-26,3052.0
2019-07-27,3155.5
2019-07-28,3438.5
2019-07-29,3524.75
2019-07-30,3550.5
2019-07-31,3513.5
2019-08-01,3490.25
2019-08-02,3359.75
2019-08-03,3302.0
2019-08-04,3567.5
2019-08-05,3441.0
2019-08-06,3470.25
2019-08-07,3240.25
2019-08-08,3485.5
2019-08-09,3210.75
2019-08-10,3273.75
2019-08-11,3538.25
2019-08-12,3358.0
2019-08-13,3339.25
2019-08-14,3305.25
2019-08-15,3392.75
2019-08-16,3290.25
2019-08-17,3257.5
2019-08-18,3284.75
2019-08-19,3191.0
2019-08-20,3207.75
2019-08-21,3202.5
2019-08-22,3174.25
2019-08-23,3042.75
2019-08-24,3039.75
2019-08-25,3370.75
2019-08-26,3596.0
2019-08-27,3571.5
2019-08-28,3640.25
2019-08-29,3518.25
2019-08-30,3332.25
2019-08-31,3365.75
2019-09-01,3631.5
2019-09-02,3556.0
2019-09-03,3521.0
2019-09-04,3541.25
2019-09-05,3585.75
2019-09-06,3292.25
2019-09-07,3472.0
2019-09-08,3984.0
2019-09-09,4004.25
2019-09-10,3861.0
2019-09-11,3795.0
2019-09-12,3831.0
2019-09-13,3836.5
2019-09-14,3537.0
2019-09-15,3878.25
2019-09-16,3951.25
2019-09-17,4061.0
2019-09-18,4040.5
2019-09-19,4053.25
2019-09-20,3974.5
2019-09-21,3869.25
2019-09-22,3936.75
2019-09-23,3949.0
2019-09-24,3928.5
2019-09-25,3962.25
2019-09-26,3994.75
2019-09-27,3912.0
2019-09-28,3551.5
2019-09-29,3954.75
2019-09-30,4171.75
2019-10-01,4301.0
2019-10-02,4848.75
2019-10-03,4308.0
2019-10-04,4018.25
2019-10-05,4069.25
2019-10-06,4057.75
2019-10-07,4035.5
2019-10-08,4038.5
2019-10-09,4474.5
2019-10-10,4448.75
2019-10-11,3817.0
2019-10-12,3835.5
2019-10-13,3650.5
2019-10-14,3929.75
2019-10-15,4316.5
2019-10-16,4187.25
2019-10-17,3986.5
2019-10-18,4205.75
2019-10-19,4003.25
2019-10-20,4188.75
2019-10-21,4225.25
2019-10-22,4187.25
2019-10-23,4202.75
2019-10-24,4248.25
2019-10-25,4108.5
2019-10-26,4364.0
2019-10-27,4955.5
2019-10-28,4980.25
2019-10-29,4976.5
2019-10-30,5233.5
2019-10-31,5235.25
2019-11-01,4744.25
2019-11-02,4512.5
2019-11-03,4859.5
2019-11-04,4927.25
2019-11-05,5034.75
2019-11-06,4953.0
2019-11-07,4917.75
2019-11-08,4453.0
2019-11-09,4455.5
2019-11-10,4434.25
2019-11-11,4414.0
2019-11-12,4426.25
2019-11-13,4360.5
2019-11-14,4394.25
2019-11-15,4429.5
2019-11-16,4429.0
2019-11-17,4330.25
2019-11-18,4316.0
2019-11-19,4788.25
2019-11-20,5112.75
2019-11-21,5072.75
2019-11-22,4775.75
2019-11-23,5132.75
2019-11-24,5221.0
2019-11-25,4373.0
2019-11-26,4345.75
2019-11-27,4181.75
2019-11-28,4665.75
2019-11-29,5311.25
2019-11-30,5357.25
2019-12-01,5324.5
2019-12-02,5292.0
2019-12-03,5274.75
2019-12-04,5313.25
2019-12-05,5199.25
2019-12-06,4970.75
2019-12-07,4109.75
2019-12-08,4757.25
2019-12-09,4501.25
2019-12-10,5067.5
2019-12-11,5187.75
2019-12-12,5097.25
2019-12-13,4627.5
2019-12-14,4502.0
2019-12-15,5218.25
2019-12-16,4895.75
2019-12-17,4833.0
2019-12-18,5185.0
2019-12-19,4947.75
2019-12-20,4774.0
2019-12-21,4973.25
2019-12-22,4765.75
2019-12-23,4959.25
2019-12-24,5001.0
2019-12-25,5224.5
2019-12-26,5357.25
2019-12-27,5398.5
2019-12-28,5351.0
2019-12-29,4938.5
2019-12-30,5160.25
2019-12-31,5373.0
2020-01-01,5361.25
2020-01-02,5133.25
2020-01-03,5020.5
2020-01-04,5293.5
2020-01-05,5261.75
2020-01-06,5254.75
2020-01-07,5116.75
2020-01-08,5043.75
2020-01-09,4820.25
2020-01-10,5228.75
2020-01-11,5345.25
2020-01-12,5303.25
2020-01-13,5034.5
2020-01-14,4847.0
2020-01-15,4932.25
2020-01-16,5181.5
2020-01-17,5078.0
2020-01-18,5234.5
2020-01-19,5168.5
2020-01-20,5225.25
2020-01-21,5311.5
2020-01-22,5314.25
2020-01-23,5304.25
2020-01-24,5277.25
2020-01-25,5311.0
2020-01-26,5207.0
2020-01-27,5167.5
2020-01-28,5283.25
2020-01-29,5248.25
2020-01-30,4647.5
2020-01-31,4104.0
2020-02-01,4608.5
2020-02-02,4937.5
2020-02-03,4882.0
2020-02-04,5082.75
2020-02-05,4954.75
2020-02-06,4950.0
2020-02-07,4973.5
2020-02-08,3948.75
2020-02-09,4643.25
2020-02-10,4742.5
2020-02-11,4846.5
2020-02-12,5071.0
2020-02-13,5086.75
2020-02-14,4759.25
2020-02-15,3762.75
2020-02-16,4484.5
2020-02-17,4707.5
2020-02-18,4919.75
2020-02-19,5026.25
2020-02-20,4788.25
2020-02-21,3876.25
2020-02-22,4100.0
2020-02-23,4914.5
2020-02-24,4674.5
2020-02-25,5097.25
2020-02-26,5151.5
2020-02-27,5112.25
2020-02-28,3982.75
2020-02-29,4273.5
2020-03-01,5100.0
2020-03-02,5134.25
2020-03-03,5215.75
2020-03-04,5047.5
2020-03-05,5146.0
2020-03-06,5215.5
2020-03-07,4346.25
2020-03-08,5146.5
2020-03-09,5024.5
2020-03-10,4665.0
2020-03-11,4580.25
2020-03-12,4896.25
2020-03-13,5182.0
2020-03-14,4515.25
2020-03-15,4729.25
2020-03-16,4513.5
2020-03-17,4346.75
2020-03-18,4301.0
2020-03-19,4700.25
2020-03-20,4286.75
2020-03-21,4148.0
2020-03-22,4627.75
2020-03-23,5116.5
2020-03-24,4991.0
2020-03-25,4785.5
2020-03-26,4382.0
2020-03-27,4366.75
2020-03-28,4187.75
2020-03-29,5183.25
2020-03-30,5091.5
2020-03-31,4826.75
2020-04-01,4939.0
2020-04-02,4739.0
2020-04-03,4338.5
2020-04-04,3795.5
2020-04-05,4045.5
2020-04-06,4118.5
2020-04-07,4066.75
2020-04-08,4068.0
2020-04-09,4126.25
2020-04-10,4063.75
2020-04-11,3864.5
2020-04-12,3707.5
2020-04-13,4315.25
2020-04-14,4359.5
2020-04-15,4116.25
2020-04-16,4030.25
2020-04-17,4125.75
2020-04-18,3743.75
2020-04-19,3890.75
2020-04-20,3735.25
2020-04-21,3818.75
2020-04-22,3823.75
2020-04-23,3765.0
2020-04-24,4085.25
2020-04-25,4027.5
2020-04-26,3904.25
2020-04-27,3608.5
2020-04-28,4095.25
2020-04-29,3910.0
2020-04-30,3792.5
2020-05-01,4175.25
2020-05-02,4479.25
2020-05-03,4398.75
2020-05-04,4439.75
2020-05-05,4270.75
2020-05-06,4363.5
2020-05-07,4152.75
2020-05-08,4034.75
2020-05-09,3872.5
2020-05-10,4338.5
2020-05-11,4476.25
2020-05-12,4472.25
2020-05-13,4502.25
2020-05-14,4427.75
2020-05-15,4449.75
2020-05-16,4067.5
2020-05-17,4048.25
2020-05-18,3921.5
2020-05-19,3790.5
2020-05-20,3481.25
2020-05-21,3409.0
2020-05-22,3395.0
2020-05-23,3441.0
2020-05-24,3473.25
2020-05-25,3514.0
2020-05-26,3510.0
2020-05-27,3480.5
2020-05-28,3552.75
2020-05-29,3554.25
2020-05-30,3548.75
2020-05-31,3613.75
2020-06-01,3590.5
2020-06-02,3554.75
2020-06-03,3566.25
2020-06-04,3603.75
2020-06-05,3582.75
2020-06-06,3631.25
2020-06-07,3598.0
2020-06-08,3596.0
2020-06-09,3605.75
2020-06-10,3614.75
2020-06-11,3563.5
2020-06-12,3509.0
2020-06-13,3603.0
2020-06-14,3623.0
2020-06-15,3608.75
2020-06-16,3602.25
2020-06-17,3593.75
2020-06-18,3625.5
2020-06-19,3615.5
2020-06-20,3594.75
2020-06-21,3580.0
2020-06-22,3563.75
2020-06-23,3565.25
2020-06-24,3585.5
2020-06-25,3545.25
2020-06-26,3474.5
2020-06-27,3446.75
2020-06-28,3443.5
2020-06-29,3420.5
2020-06-30,3478.25
2020-07-01,3789.5
2020-07-02,3511.5
2020-07-03,3498.5
2020-07-04,3467.25
2020-07-05,3490.5
2020-07-06,3537.5
2020-07-07,3546.75
2020-07-08,3518.0
2020-07-09,3501.75
2020-07-10,3601.0
2020-07-11,3574.5
2020-07-12,3532.25
2020-07-13,3582.25
2020-07-14,3577.75
2020-07-15,3609.0
2020-07-16,3604.75
2020-07-17,3603.5
2020-07-18,3563.25
2020-07-19,3945.0
2020-07-20,4136.75
2020-07-21,4177.25
2020-07-22,3805.75
2020-07-23,3564.75
2020-07-24,3547.25
2020-07-25,3564.0
2020-07-26,3549.0
2020-07-27,3594.25
2020-07-28,3542.5
2020-07-29,3528.0
2020-07-30,3472.25
2020-07-31,3414.5
2020-08-01,3508.25
2020-08-02,3496.25
2020-08-03,3487.25
2020-08-04,3470.5
2020-08-05,3450.75
2020-08-06,3425.75
2020-08-07,3420.0
2020-08-08,3409.25
2020-08-09,3416.5
2020-08-10,3405.0
2020-08-11,3387.5
2020-08-12,3393.75
2020-08-13,3454.5
2020-08-14,3512.0
2020-08-15,3514.75
2020-08-16,3523.5
2020-08-17,3499.75
2020-08-18,3531.75
2020-08-19,3502.75
2020-08-20,3471.5
2020-08-21,3510.25
2020-08-22,3524.0
2020-08-23,3542.25
2020-08-24,3534.75
2020-08-25,3478.25
2020-08-26,3534.0
2020-08-27,3525.25
2020-08-28,3575.0
2020-08-29,3567.0
2020-08-30,3665.25
2020-08-31,4271.25
2020-09-01,4320.0
2020-09-02,4293.0
2020-09-03,4116.75
2020-09-04,4235.25
2020-09-05,4090.75
2020-09-06,4348.25
2020-09-07,4355.25
2020-09-08,4311.0
2020-09-09,4360.25
2020-09-10,4252.0
2020-09-11,4006.5
2020-09-12,3937.75
2020-09-13,4225.0
2020-09-14,4182.75
2020-09-15,3968.0
2020-09-16,4009.75
2020-09-17,4167.75
2020-09-18,4303.25
2020-09-19,4249.25
2020-09-20,4341.25
2020-09-21,4188.5
2020-09-22,4175.0
2020-09-23,4536.5
2020-09-24,4666.5
2020-09-25,4690.0
2020-09-26,4617.75
2020-09-27,4689.75
2020-09-28,4717.5
2020-09-29,4385.25
2020-09-30,4546.0
2020-10-01,4598.0
2020-10-02,4534.25
2020-10-03,4232.75
2020-10-04,4430.25
2020-10-05,4444.75
2020-10-06,4519.25
2020-10-07,4545.75
2020-10-08,4513.5
2020-10-09,4587.5
2020-10-10,4668.25
2020-10-11,5029.75
2020-10-12,5013.0
2020-10-13,4794.0
2020-10-14,4927.0
2020-10-15,5020.5
2020-10-16,4819.5
2020-10-17,4580.0
2020-10-18,5131.75
2020-10-19,4963.0
2020-10-20,4741.75
2020-10-21,4430.75
2020-10-22,4590.25
2020-10-23,4323.25
2020-10-24,4526.0
2020-10-25,4515.75
2020-10-26,4632.0
2020-10-27,4554.75
2020-10-28,4626.25
2020-10-29,4600.25
2020-10-30,4382.75
2020-10-31,4165.0
2020-11-01,4118.25
2020-11-02,4493.5
2020-11-03,4885.75
2020-11-04,4997.5
2020-11-05,4990.75
2020-11-06,5005.5
2020-11-07,5214.25
2020-11-08,5484.0
2020-11-09,5524.25
2020-11-10,5557.0
2020-11-11,5452.25
2020-11-12,5345.5
2020-11-13,4855.5
2020-11-14,4484.0
2020-11-15,5020.75
2020-11-16,4970.25
2020-11-17,4921.25
2020-11-18,5056.75
2020-11-19,5578.75
2020-11-20,5617.0
2020-11-21,5426.0
2020-11-22,5470.0
2020-11-23,5584.0
2020-11-24,5667.0
2020-11-25,5646.25
2020-11-26,5569.5
2020-11-27,5589.25
2020-11-28,5648.0
2020-11-29,5706.75
2020-11-30,5507.5
2020-12-01,5495.5
2020-12-02,5499.75
2020-12-03,5432.25
2020-12-04,5409.25
2020-12-05,5228.5
2020-12-06,5308.75
2020-12-07,5358.0
2020-12-08,5413.5
2020-12-09,5503.25
2020-12-10,5451.25
2020-12-11,5444.25
2020-12-12,5392.0
2020-12-13,5384.5
2020-12-14,5356.5
2020-12-15,5200.25
2020-12-16,5204.75
2020-12-17,5306.0
2020-12-18,5428.25
2020-12-19,5377.0
2020-12-20,5245.0
2020-12-21,4533.75
2020-12-22,4959.0
2020-12-23,4986.0
2020-12-24,5074.0
2020-12-25,4975.75
2020-12-26,4137.0
2020-12-27,5093.75
2020-12-28,5409.25
2020-12-29,5410.75
2020-12-30,5392.25
2020-12-31,5527.5
2021-01-01,5551.5
2021-01-02,5576.25
2021-01-03,5576.5
2021-01-04,5567.5
2021-01-05,5384.75
2021-01-06,5439.25
2021-01-07,5438.0
2021-01-08,5401.75
2021-01-09,5397.25
2021-01-10,5405.5
2021-01-11,5364.5
2021-01-12,5407.5
2021-01-13,5264.25
2021-01-14,5418.0
2021-01-15,5462.75
2021-01-16,5443.75
2021-01-17,5377.5
2021-01-18,5400.75
2021-01-19,5366.75
2021-01-20,4905.25
2021-01-21,5026.75
2021-01-22,5350.5
2021-01-23,5401.5
2021-01-24,5414.25
2021-01-25,5406.25
2021-01-26,5433.25
2021-01-27,5417.5
2021-01-28,5383.0
2021-01-29,5431.75
2021-01-30,5477.25
2021-01-31,5242.0
2021-02-01,5019.25
2021-02-02,5163.0
2021-02-03,5212.25
2021-02-04,5278.5
2021-02-05,5310.25
2021-02-06,5030.5
2021-02-07,5309.0
2021-02-08,5350.0
2021-02-09,5356.0
2021-02-10,5305.5
2021-02-11,5357.0
2021-02-12,5359.5
2021-02-13,5381.5
2021-02-14,5287.25
2021-02-15,5285.25
2021-02-16,5174.75
2021-02-17,5255.75
2021-02-18,5298.75
2021-02-19,5162.25
2021-02-20,4714.75
2021-02-21,5145.0
2021-02-22,4800.75
2021-02-23,4272.0
2021-02-24,4309.25
2021-02-25,4568.75
2021-02-26,5126.0
2021-02-27,5010.0
2021-02-28,5227.0
2021-03-01,4986.25
2021-03-02,4758.25
2021-03-03,5025.0
2021-03-04,5221.75
2021-03-05,5369.75
2021-03-06,5395.5
2021-03-07,5096.5
2021-03-08,5382.25
2021-03-09,5315.75
2021-03-10,4944.25
2021-03-11,4680.25
2021-03-12,4180.75
2021-03-13,4639.25
2021-03-14,5334.5
2021-03-15,5246.75
2021-03-16,5424.25
2021-03-17,5398.75
2021-03-18,5376.5
2021-03-19,5402.75
2021-03-20,5300.5
2021-03-21,5247.25
2021-03-22,5276.75
2021-03-23,5033.0
2021-03-24,4767.5
2021-03-25,4363.5
2021-03-26,4398.75
2021-03-27,4538.5
2021-03-28,4585.25
2021-03-29,4416.0
2021-03-30,4403.25
2021-03-31,4217.0
2021-04-01,4367.5
2021-04-02,4366.5
2021-04-03,4190.75
2021-04-04,3618.0
2021-04-05,3991.5
2021-04-06,4091.5
2021-04-07,3977.75
2021-04-08,4161.5
2021-04-09,4247.5
2021-04-10,4015.25
2021-04-11,4278.75
2021-04-12,4312.5
2021-04-13,4291.25
2021-04-14,4608.5
2021-04-15,4298.5
2021-04-16,4279.5
2021-04-17,4194.0
2021-04-18,4126.75
2021-04-19,4008.5
2021-04-20,4009.25
2021-04-21,4300.0
2021-04-22,4348.0
2021-04-23,4250.0
2021-04-24,4147.75
2021-04-25,4382.5
2021-04-26,4347.25
2021-04-27,4156.75
2021-04-28,4128.5
2021-04-29,4300.75
2021-04-30,4380.0
2021-05-01,4488.25
2021-05-02,4456.5
2021-05-03,3876.75
2021-05-04,4292.75
2021-05-05,4454.25
2021-05-06,4536.75
2021-05-07,4419.75
2021-05-08,3856.25
2021-05-09,3710.5
2021-05-10,3878.75
2021-05-11,4154.75
2021-05-12,4373.5
2021-05-13,4357.5
2021-05-14,4099.25
2021-05-15,3925.25
2021-05-16,4147.0
2021-05-17,4324.5
2021-05-18,4287.5
2021-05-19,4044.0
2021-05-20,3587.75
2021-05-21,3598.75
2021-05-22,3621.25
2021-05-23,3564.0
2021-05-24,3554.75
2021-05-25,3577.5
2021-05-26,3595.0
2021-05-27,3601.75
2021-05-28,3594.75
2021-05-29,3588.75
2021-05-30,3602.75
2021-05-31,3490.0
2021-06-01,3475.75
2021-06-02,3427.5
2021-06-03,3440.0
2021-06-04,3435.25
2021-06-05,3429.5
2021-06-06,3380.0
2021-06-07,3371.25
2021-06-08,3381.25
2021-06-09,3352.75
2021-06-10,3360.25
2021-06-11,3314.75
2021-06-12,3328.5
2021-06-13,3310.0
2021-06-14,3253.0
2021-06-15,3252.5
2021-06-16,3187.75
2021-06-17,3186.5
2021-06-18,3184.5
2021-06-19,3176.0
2021-06-20,3157.75
2021-06-21,3205.25
2021-06-22,3223.75
2021-06-23,3231.75
2021-06-24,3342.5
2021-06-25,3336.5
2021-06-26,3306.5
2021-06-27,3415.0
2021-06-28,3575.25
2021-06-29,3253.25
2021-06-30,3344.0
2021-07-01,3339.5
2021-07-02,3318.5
2021-07-03,3336.0
2021-07-04,3320.75
2021-07-05,3272.0
2021-07-06,3296.0
2021-07-07,3339.0
2021-07-08,3312.0
2021-07-09,3322.0
2021-07-10,3329.5
2021-07-11,3326.0
2021-07-12,3337.0
2021-07-13,3347.75
2021-07-14,3351.0
2021-07-15,3338.25
2021-07-16,3323.75
2021-07-17,3251.25
2021-07-18,3239.5
2021-07-19,3249.25
2021-07-20,3262.25
2021-07-21,3309.75
2021-07-22,3286.25
2021-07-23,3278.75
2021-07-24,3285.5
2021-07-25,3345.0
2021-07-26,3263.5
2021-07-27,3256.5
2021-07-28,3271.25
2021-07-29,3282.0
2021-07-30,3324.75
2021-07-31,3208.0
2021-08-01,3180.0
2021-08-02,3140.75
2021-08-03,3194.0
2021-08-04,3195.0
2021-08-05,3200.0
2021-08-06,3345.5
2021-08-07,3207.5
2021-08-08,3455.5
2021-08-09,3615.0
2021-08-10,3606.75
2021-08-11,3355.75
2021-08-12,3149.5
2021-08-13,3141.0
2021-08-14,3114.5
2021-08-15,3174.75
2021-08-16,3230.5
2021-08-17,3379.75
2021-08-18,3258.0
2021-08-19,3248.5
2021-08-20,3241.5
2021-08-21,3247.75
2021-08-22,3278.25
2021-08-23,3305.75
2021-08-24,3318.75
2021-08-25,3294.75
2021-08-26,3364.5
2021-08-27,3544.25
2021-08-28,3613.0
2021-08-29,3661.25
2021-08-30,3738.5
2021-08-31,3755.0
2021-09-01,3655.75
2021-09-02,3437.0
2021-09-03,3233.75
2021-09-04,3256.75
2021-09-05,3268.0
2021-09-06,3232.0
2021-09-07,3246.25
2021-09-08,3214.0
2021-09-09,3196.25
2021-09-10,3161.75
2021-09-11,3145.5
2021-09-12,3193.0
2021-09-13,3222.5
2021-09-14,3230.25
2021-09-15,3247.5
2021-09-16,3296.75
2021-09-17,3311.0
2021-09-18,3238.0
2021-09-19,3240.0
2021-09-20,3828.0
2021-09-21,3738.5
2021-09-22,3606.5
2021-09-23,3680.0
2021-09-24,3793.0
2021-09-25,3567.5
2021-09-26,3574.25
2021-09-27,3843.0
2021-09-28,3858.75
2021-09-29,3850.0
2021-09-30,4038.0
2021-10-01,4027.5
2021-10-02,3605.0
2021-10-03,4114.5
2021-10-04,4211.25
2021-10-05,4230.0
2021-10-06,4378.75
2021-10-07,4390.25
2021-10-08,4329.25
2021-10-09,4295.5
2021-10-10,4330.5
2021-10-11,4217.25
2021-10-12,4271.75
2021-10-13,4301.5
2021-10-14,4167.0
2021-10-15,4363.75
2021-10-16,4059.0
2021-10-17,4270.25
2021-10-18,4070.0
2021-10-19,3802.5
2021-10-20,3844.75
2021-10-21,3989.75
2021-10-22,4323.5
2021-10-23,3928.0
2021-10-24,4316.25
2021-10-25,4379.25
2021-10-26,4279.25
2021-10-27,4380.75
2021-10-28,4228.75
2021-10-29,3859.25
2021-10-30,3859.25
2021-10-31,3868.5
2021-11-01,4128.5
2021-11-02,4625.5
2021-11-03,4701.25
2021-11-04,4753.75
2021-11-05,4073.75
2021-11-06,3849.75
2021-11-07,4706.0
2021-11-08,4733.25
2021-11-09,5091.25
2021-11-10,5207.75
2021-11-11,5149.5
2021-11-12,5133.75
2021-11-13,5220.25
2021-11-14,5195.25
2021-11-15,5218.0
2021-11-16,5146.0
2021-11-17,4852.0
2021-11-18,4735.5
2021-11-19,4447.25
2021-11-20,4818.0
2021-11-21,5172.5
2021-11-22,5140.0
2021-11-23,5183.0
2021-11-24,5193.0
2021-11-25,5065.5
2021-11-26,4311.75
2021-11-27,4391.0
2021-11-28,4341.0
2021-11-29,4190.5
2021-11-30,3986.5
2021-12-01,4479.0
2021-12-02,4486.5
2021-12-03,4477.25
2021-12-04,4923.0
2021-12-05,5300.25
2021-12-06,5156.0
2021-12-07,4980.5
2021-12-08,5185.25
2021-12-09,5174.5
2021-12-10,5226.25
2021-12-11,4952.5
2021-12-12,5181.75
2021-12-13,5156.5
2021-12-14,5191.25
2021-12-15,5103.5
2021-12-16,5151.0
2021-12-17,5130.75
2021-12-18,4899.75
2021-12-19,5064.25
2021-12-20,5243.0
2021-12-21,5241.25
2021-12-22,5026.0
2021-12-23,4202.0
2021-12-24,4253.25
2021-12-25,4130.75
2021-12-26,4384.25
2021-12-27,4219.0
2021-12-28,4579.5
2021-12-29,3886.25
2021-12-30,3759.0
2021-12-31,3586.0
2022-01-01,3606.25
2022-01-02,3676.25
2022-01-03,4642.75
2022-01-04,4248.0
2022-01-05,4868.0
2022-01-06,4747.0
2022-01-07,4858.25
2022-01-08,4589.5
2022-01-09,4883.0
2022-01-10,4896.0
2022-01-11,5035.25
2022-01-12,4989.75
2022-01-13,4904.0
2022-01-14,5001.25
2022-01-15,5037.0
2022-01-16,4803.75
2022-01-17,5043.75
2022-01-18,4862.25
2022-01-19,4754.25
2022-01-20,4924.25
2022-01-21,4858.0
2022-01-22,4892.75
2022-01-23,4908.5
2022-01-24,5011.5
2022-01-25,5006.0
2022-01-26,4706.0
2022-01-27,4635.0
2022-01-28,3828.0
2022-01-29,3974.5
2022-01-30,4654.5
2022-01-31,4233.0
2022-02-01,3986.5
2022-02-02,4688.75
2022-02-03,4407.0
2022-02-04,3649.25
2022-02-05,3465.5
2022-02-06,4294.5
2022-02-07,4441.5
2022-02-08,4509.0
2022-02-09,4710.75
2022-02-10,4842.75
2022-02-11,4535.0
2022-02-12,3876.75
2022-02-13,4234.75
2022-02-14,4665.25
2022-02-15,3922.0
2022-02-16,3796.75
2022-02-17,4257.0
2022-02-18,3773.0
2022-02-19,3642.75
2022-02-20,3999.25
2022-02-21,4187.5
2022-02-22,4248.0
2022-02-23,4195.5
2022-02-24,4133.5
2022-02-25,4581.5
2022-02-26,3911.75
2022-02-27,4259.25
2022-02-28,4641.75
2022-03-01,4790.5
2022-03-02,4778.25
2022-03-03,4783.0
2022-03-04,4861.25
2022-03-05,4982.25
2022-03-06,4875.75
2022-03-07,4735.75
2022-03-08,4606.5
2022-03-09,4252.0
2022-03-10,3633.0
2022-03-11,3896.5
2022-03-12,3698.5
2022-03-13,4460.75
2022-03-14,4378.0
2022-03-15,4566.75
2022-03-16,4385.0
2022-03-17,4291.25
2022-03-18,3684.75
2022-03-19,3690.0
2022-03-20,4420.5
2022-03-21,4213.5
2022-03-22,3920.0
2022-03-23,4157.0
2022-03-24,4000.25
2022-03-25,3825.25
2022-03-26,3799.25
2022-03-27,3979.75
2022-03-28,3967.0
2022-03-29,4204.0
2022-03-30,4500.25
2022-03-31,4095.75
2022-04-01,3912.5
2022-04-02,3712.0
2022-04-03,3373.25
2022-04-04,3733.0
2022-04-05,3514.75
2022-04-06,3202.25
2022-04-07,3591.5
2022-04-08,3388.75
2022-04-09,3477.0
2022-04-10,3880.0
2022-04-11,3672.0
2022-04-12,3697.75
2022-04-13,3650.75
2022-04-14,3851.25
2022-04-15,3750.5
2022-04-16,3290.5
2022-04-17,3449.25
2022-04-18,3805.0
2022-04-19,3919.25
2022-04-20,3894.0
2022-04-21,3814.25
2022-04-22,3390.75
2022-04-23,3325.25
2022-04-24,3763.25
2022-04-25,3629.25
2022-04-26,3588.5
2022-04-27,3472.75
2022-04-28,3371.75
2022-04-29,3291.0
2022-04-30,3185.25
2022-05-01,3224.0
2022-05-02,3088.75
2022-05-03,2746.75
2022-05-04,2740.25
2022-05-05,2737.5
2022-05-06,2736.0
2022-05-07,2736.0
2022-05-08,2739.5
2022-05-09,2736.0
2022-05-10,2736.0
2022-05-11,2891.0
2022-05-12,2741.0
2022-05-13,2736.0
2022-05-14,2736.0
2022-05-15,2737.75
2022-05-16,2739.25
2022-05-17,2736.0
2022-05-18,2736.0
2022-05-19,2736.0
2022-05-20,2736.0
2022-05-21,2736.0
2022-05-22,2736.0
2022-05-23,2736.5
2022-05-24,2737.75
2022-05-25,2736.0
2022-05-26,2736.0
2022-05-27,2757.5
2022-05-28,2736.0
2022-05-29,2741.25
2022-05-30,2736.0
2022-05-31,2669.0
2022-06-01,2642.25
2022-06-02,2655.25
2022-06-03,2634.75
2022-06-04,2632.25
2022-06-05,2604.25
2022-06-06,2675.75
2022-06-07,2679.25
2022-06-08,2719.75
2022-06-09,2716.5
2022-06-10,2675.0
2022-06-11,2629.75
2022-06-12,2656.25
2022-06-13,2684.25
2022-06-14,2577.25
2022-06-15,2573.0
2022-06-16,2609.0
2022-06-17,2554.0
2022-06-18,2463.5
2022-06-19,2419.5
2022-06-20,2526.25
2022-06-21,2523.25
2022-06-22,2494.25
2022-06-23,2564.5
2022-06-24,2613.5
2022-06-25,2562.0
2022-06-26,2542.0
2022-06-27,2618.5
2022-06-28,2626.5
2022-06-29,2603.5
2022-06-30,2711.5
2022-07-01,2707.75
2022-07-02,2590.25
2022-07-03,2550.75
2022-07-04,2560.25
2022-07-05,2561.25
2022-07-06,2594.5
2022-07-07,2605.25
2022-07-08,2585.75
2022-07-09,2537.0
2022-07-10,2475.75
2022-07-11,2463.25
2022-07-12,2476.25
2022-07-13,2421.25
2022-07-14,2459.25
2022-07-15,2557.75
2022-07-16,2514.5
2022-07-17,2474.0
2022-07-18,2458.0
2022-07-19,2443.0
2022-07-20,2561.75
2022-07-21,2555.25
2022-07-22,2560.5
2022-07-23,2527.75
2022-07-24,2424.0
2022-07-25,2486.25
2022-07-26,2528.0
2022-07-27,2784.0
2022-07-28,2536.0
2022-07-29,2554.5
2022-07-30,2542.0
2022-07-31,2463.0
2022-08-01,2460.0
2022-08-02,2466.0
2022-08-03,2457.25
2022-08-04,2484.25
2022-08-05,2584.5
2022-08-06,2595.5
2022-08-07,2606.5
2022-08-08,2595.25
2022-08-09,2581.0
2022-08-10,2592.5
2022-08-11,2601.75
2022-08-12,2590.5
2022-08-13,2556.0
2022-08-14,2539.5
2022-08-15,2541.25
2022-08-16,2510.5
2022-08-17,2532.75
2022-08-18,2573.25
2022-08-19,2587.25
2022-08-20,2579.5
2022-08-21,2595.0
2022-08-22,2593.5
2022-08-23,2584.5
2022-08-24,2570.75
2022-08-25,2547.75
2022-08-26,2541.0
2022-08-27,2545.0
2022-08-28,2546.75
2022-08-29,2560.0
2022-08-30,2601.5
2022-08-31,2713.25
2022-09-01,2732.0
2022-09-02,2736.5
2022-09-03,2714.5
2022-09-04,2705.25
2022-09-05,2688.25
2022-09-06,2630.5
2022-09-07,2720.75
2022-09-08,2745.25
2022-09-09,2747.25
2022-09-10,2750.0
2022-09-11,2747.5
2022-09-12,2641.5
2022-09-13,2661.75
2022-09-14,2718.75
2022-09-15,2770.0
2022-09-16,2777.75
2022-09-17,2772.75
2022-09-18,2775.25
2022-09-19,2781.0
2022-09-20,2797.5
2022-09-21,2812.0
2022-09-22,2794.75
2022-09-23,2771.5
2022-09-24,2744.25
2022-09-25,2746.5
2022-09-26,2806.75
2022-09-27,2801.0
2022-09-28,2803.75
2022-09-29,2809.5
2022-09-30,2929.5
2022-10-01,2802.75
2022-10-02,2776.0
2022-10-03,2764.0
2022-10-04,2731.5
2022-10-05,2721.25
2022-10-06,2767.25
2022-10-07,2806.5
2022-10-08,2848.25
2022-10-09,2815.0
2022-10-10,2770.5
2022-10-11,2752.0
2022-10-12,2760.75
2022-10-13,2725.5
2022-10-14,2758.5
2022-10-15,2719.75
2022-10-16,2746.25
2022-10-17,2795.25
2022-10-18,2790.25
2022-10-19,2834.0
2022-10-20,2935.25
2022-10-21,2935.0
2022-10-22,2809.25
2022-10-23,2750.0
2022-10-24,2987.5
2022-10-25,2914.75
2022-10-26,2820.5
2022-10-27,2813.25
2022-10-28,2973.25
2022-10-29,1482.75
2022-10-30,3508.75
2022-10-31,3134.0
2022-11-01,3155.5
2022-11-02,3267.75
2022-11-03,3383.25
2022-11-04,3267.5
2022-11-05,3069.0
2022-11-06,3280.25
2022-11-07,3478.75
2022-11-08,3378.0
2022-11-09,3347.25
2022-11-10,3443.75
2022-11-11,3690.0
2022-11-12,3671.25
2022-11-13,3541.75
2022-11-14,3279.0
2022-11-15,3446.75
2022-11-16,3445.0
2022-11-17,3666.25
2022-11-18,3765.5
2022-11-19,3696.25
2022-11-20,3877.25
2022-11-21,3913.25
2022-11-22,3768.5
2022-11-23,3734.5
2022-11-24,3681.75
2022-11-25,3188.5
2022-11-26,3181.0
2022-11-27,3526.0
2022-11-28,4348.25
2022-11-29,4267.25
2022-11-30,4284.0
2022-12-01,4485.0
2022-12-02,4448.25
2022-12-03,4482.25
2022-12-04,4212.25
2022-12-05,4377.5
2022-12-06,4517.0
2022-12-07,4525.5
2022-12-08,4577.25
2022-12-09,4602.25
2022-12-10,4672.5
2022-12-11,4604.75
2022-12-12,4558.25
2022-12-13,4099.25
2022-12-14,3683.25
2022-12-15,3664.0
2022-12-16,3689.0
2022-12-17,3716.0
2022-12-18,3630.75
2022-12-19,3497.0
2022-12-20,3679.0
2022-12-21,4152.5
2022-12-22,4301.25
2022-12-23,3869.75
2022-12-24,3324.25
2022-12-25,3285.0
2022-12-26,3331.75
2022-12-27,3222.75
2022-12-28,3142.0
2022-12-29,3176.5
2022-12-30,2996.75
2022-12-31,3077.0
2023-01-01,3224.5
2023-01-02,3637.0
2023-01-03,3069.75
2023-01-04,3489.75
2023-01-05,3671.25
2023-01-06,3208.75
2023-01-07,3330.0
2023-01-08,3454.25
2023-01-09,3565.5
2023-01-10,3379.0
2023-01-11,3163.25
2023-01-12,3174.0
2023-01-13,3083.5
2023-01-14,3158.25
2023-01-15,3637.0
2023-01-16,3672.25
2023-01-17,3807.0
2023-01-18,3826.0
2023-01-19,3865.25
2023-01-20,3865.0
2023-01-21,3819.75
2023-01-22,3778.75
2023-01-23,3800.5
2023-01-24,3971.0
2023-01-25,4341.5
2023-01-26,4565.25
2023-01-27,4676.75
2023-01-28,4594.0
2023-01-29,3739.0
2023-01-30,3926.75
2023-01-31,4237.75
2023-02-01,4333.25
2023-02-02,3800.5
2023-02-03,3810.0
2023-02-04,3830.25
2023-02-05,3840.25
2023-02-06,3867.25
2023-02-07,3868.25
2023-02-08,4118.0
2023-02-09,4491.5
2023-02-10,4096.25
2023-02-11,4056.75
2023-02-12,4381.75
2023-02-13,4329.25
2023-02-14,4539.25
2023-02-15,4378.5
2023-02-16,3326.25
2023-02-17,2997.5
2023-02-18,3032.5
2023-02-19,3033.0
2023-02-20,3040.25
2023-02-21,3734.75
2023-02-22,4208.0
2023-02-23,4615.0
2023-02-24,3956.25
2023-02-25,4491.5
2023-02-26,4791.5
2023-02-27,4700.5
2023-02-28,4617.5
2023-03-01,4657.25
2023-03-02,4734.5
2023-03-03,4623.5
2023-03-04,4625.25
2023-03-05,4720.25
2023-03-06,4660.0
2023-03-07,4569.0
2023-03-08,4683.75
2023-03-09,4520.25
2023-03-10,4600.25
2023-03-11,4105.0
2023-03-12,3569.5
2023-03-13,3964.5
2023-03-14,4460.75
2023-03-15,4275.0
2023-03-16,4034.0
2023-03-17,3685.0
2023-03-18,3684.0
2023-03-19,3901.5
2023-03-20,3847.5
2023-03-21,3360.0
2023-03-22,3367.0
2023-03-23,3208.75
2023-03-24,3077.0
2023-03-25,3039.5
2023-03-26,3918.75
2023-03-27,4160.75
2023-03-28,3736.0
2023-03-29,3299.5
2023-03-30,3692.25
2023-03-31,3039.0
2023-04-01,3218.75
2023-04-02,3729.25
2023-04-03,3932.25
2023-04-04,3904.75
2023-04-05,3713.25
2023-04-06,3925.75
2023-04-07,3537.0
2023-04-08,3433.25
2023-04-09,3168.25
2023-04-10,3460.25
2023-04-11,3638.0
2023-04-12,3727.0
2023-04-13,3962.5
2023-04-14,3856.75
2023-04-15,3693.25
2023-04-16,4012.5
2023-04-17,3978.75
2023-04-18,3930.75
2023-04-19,3917.25
2023-04-20,3414.75
2023-04-21,3388.0
2023-04-22,3197.0
2023-04-23,3214.5
2023-04-24,3588.75
2023-04-25,3483.5
2023-04-26,3587.5
2023-04-27,3741.75
2023-04-28,3307.75
2023-04-29,3299.75
2023-04-30,3185.0
2023-05-01,3247.0
2023-05-02,3395.5
2023-05-03,3348.25
2023-05-04,3148.0
2023-05-05,3312.25
2023-05-06,3123.0
2023-05-07,3270.0
2023-05-08,3158.0
2023-05-09,3168.5
2023-05-10,3227.25
2023-05-11,3194.5
2023-05-12,3062.25
2023-05-13,3090.0
2023-05-14,3220.75
2023-05-15,3373.75
2023-05-16,3303.25
2023-05-17,3337.75
2023-05-18,3068.0
2023-05-19,2568.5
2023-05-20,2490.25
2023-05-21,2533.0
2023-05-22,2604.5
2023-05-23,2673.0
2023-05-24,2982.5
2023-05-25,3005.5
2023-05-26,3017.75
2023-05-27,2913.75
2023-05-28,2894.5
2023-05-29,2886.5
2023-05-30,2813.25
2023-05-31,2766.25
2023-06-01,2832.25
2023-06-02,2619.0
2023-06-03,2482.75
2023-06-04,2423.5
2023-06-05,2489.0
2023-06-06,2487.25
2023-06-07,2466.25
2023-06-08,2465.25
2023-06-09,2447.25
2023-06-10,2434.5
2023-06-11,2362.0
2023-06-12,2425.5
2023-06-13,2441.75
2023-06-14,2393.5
2023-06-15,2348.0
2023-06-16,2320.75
2023-06-17,2290.25
2023-06-18,2250.75
2023-06-19,2219.0
2023-06-20,2182.25
2023-06-21,2179.0
2023-06-22,2235.0
2023-06-23,2323.5
2023-06-24,2280.5
2023-06-25,2289.0
2023-06-26,2310.5
2023-06-27,2338.0
2023-06-28,2308.5
2023-06-29,2379.0
2023-06-30,2424.75
2023-07-01,2413.5
2023-07-02,2416.0
2023-07-03,2416.25
2023-07-04,2443.75
2023-07-05,2399.5
2023-07-06,2357.0
2023-07-07,2333.75
2023-07-08,2300.25
2023-07-09,2289.0
2023-07-10,2252.0
2023-07-11,2239.25
2023-07-12,2324.75
2023-07-13,2309.5
2023-07-14,2240.0
2023-07-15,2266.25
2023-07-16,2296.75
2023-07-17,2295.5
2023-07-18,2258.25
2023-07-19,2280.5
2023-07-20,2310.75
2023-07-21,2325.5
2023-07-22,2273.75
2023-07-23,2279.5
2023-07-24,2328.0
2023-07-25,2419.75
2023-07-26,2393.0
2023-07-27,2349.0
2023-07-28,2353.25
2023-07-29,2346.25
2023-07-30,2377.0
2023-07-31,2364.5
2023-08-01,2369.0
2023-08-02,2361.75
2023-08-03,2390.25
2023-08-04,2400.75
2023-08-05,2403.25
2023-08-06,2391.75
2023-08-07,2367.5
2023-08-08,2385.25
2023-08-09,2393.25
2023-08-10,2358.75
2023-08-11,2294.0
2023-08-12,2244.5
2023-08-13,2228.5
2023-08-14,2316.75
2023-08-15,2578.75
2023-08-16,2694.5
2023-08-17,2280.75
2023-08-18,2254.25
2023-08-19,2236.25
2023-08-20,2234.75
2023-08-21,2210.75
2023-08-22,2246.25
2023-08-23,2242.25
2023-08-24,2259.0
2023-08-25,2363.75
2023-08-26,2489.25
2023-08-27,2443.25
2023-08-28,2389.25
2023-08-29,2385.75
2023-08-30,2383.25
2023-08-31,2393.5
2023-09-01,2374.25
2023-09-02,2386.5
2023-09-03,2395.5
2023-09-04,2407.0
2023-09-05,2371.0
2023-09-06,2540.75
2023-09-07,2745.0
2023-09-08,2789.0
2023-09-09,2822.5
2023-09-10,2876.0
2023-09-11,2945.25
2023-09-12,3021.75
2023-09-13,3047.5
2023-09-14,3092.0
2023-09-15,2952.0
2023-09-16,2789.0
2023-09-17,2851.25
2023-09-18,2855.75
2023-09-19,2903.75
2023-09-20,2960.75
2023-09-21,3099.0
2023-09-22,3095.0
2023-09-23,2995.75
2023-09-24,3106.0
2023-09-25,3095.5
2023-09-26,3095.0
2023-09-27,3026.0
2023-09-28,3014.0
2023-09-29,2953.5
2023-09-30,3124.5
2023-10-01,3127.75
2023-10-02,2838.5
2023-10-03,3158.75
2023-10-04,3163.0
2023-10-05,3216.25
2023-10-06,2939.75
2023-10-07,3307.0
2023-10-08,3351.75
2023-10-09,3294.75
2023-10-10,2792.75
2023-10-11,3190.75
2023-10-12,3017.25
2023-10-13,2844.0
2023-10-14,2917.25
2023-10-15,3139.0
2023-10-16,3508.75
2023-10-17,3453.5
2023-10-18,3194.75
2023-10-19,3252.75
2023-10-20,3053.25
2023-10-21,3223.25
2023-10-22,3524.75
2023-10-23,3551.75
2023-10-24,3490.75
2023-10-25,3556.25
2023-10-26,3597.75
2023-10-27,3418.5
2023-10-28,3059.0
2023-10-29,3429.5
2023-10-30,3425.0
2023-10-31,3313.0
2023-11-01,2870.25
2023-11-02,3203.25
2023-11-03,2743.0
2023-11-04,2824.5
2023-11-05,3123.75
2023-11-06,3369.0
2023-11-07,3456.75
2023-11-08,3429.75
2023-11-09,3604.75
2023-11-10,3969.0
2023-11-11,3907.5
2023-11-12,3771.25
2023-11-13,3232.25
2023-11-14,3634.0
2023-11-15,4057.75
2023-11-16,4355.75
2023-11-17,4172.0
2023-11-18,3493.75
2023-11-19,4058.5
2023-11-20,4268.75
2023-11-21,4238.0
2023-11-22,3383.75
2023-11-23,4003.25
2023-11-24,3975.0
2023-11-25,4289.75
2023-11-26,4383.0
2023-11-27,4297.0
2023-11-28,4359.0
2023-11-29,4373.0
2023-11-30,4145.25
2023-12-01,4128.25
2023-12-02,4128.75
2023-12-03,4139.0
2023-12-04,3667.5
2023-12-05,4130.25
2023-12-06,4109.0
2023-12-07,3973.25
2023-12-08,3954.25
2023-12-09,2981.75
2023-12-10,3809.5
2023-12-11,3315.5
2023-12-12,3571.25
2023-12-13,3477.75
2023-12-14,3594.0
2023-12-15,2546.0
2023-12-16,2370.5
2023-12-17,2656.75
2023-12-18,3213.25
2023-12-19,2571.75
2023-12-20,2272.5
2023-12-21,2391.0
2023-12-22,2510.5
2023-12-23,2236.75
2023-12-24,2229.0
2023-12-25,2322.25
2023-12-26,3122.5
2023-12-27,2232.0
2023-12-28,2218.75
2023-12-29,2545.25
2023-12-30,2194.5
2023-12-31,2332.25
2024-01-01,3124.5
2024-01-02,2934.0
2024-01-03,2979.25
2024-01-04,3681.75
2024-01-05,3675.5
2024-01-06,3782.25
2024-01-07,3810.0
2024-01-08,3815.25
2024-01-09,3937.5
2024-01-10,3895.5
2024-01-11,3638.0
2024-01-12,2847.75
2024-01-13,2727.0
2024-01-14,3113.5
2024-01-15,3455.25
2024-01-16,3680.25
2024-01-17,3964.5
2024-01-18,2893.5
2024-01-19,2934.0
2024-01-20,2995.0
2024-01-21,2969.25
2024-01-22,2893.25
2024-01-23,2857.5
2024-01-24,3218.0
2024-01-25,3116.75
2024-01-26,3323.25
2024-01-27,3194.75
2024-01-28,3486.0
2024-01-29,3490.75
2024-01-30,3386.75
2024-01-31,3513.0
2024-02-01,3328.75
2024-02-02,2928.25
2024-02-03,2921.5
2024-02-04,3018.75
2024-02-05,3049.75
