Date,Temperature,Values
2014-12-31,-1.1,134117.0
2015-01-01,0.4,148762.0
2015-01-02,1.0,139297.0
2015-01-03,0.1,132493.75
2015-01-04,0.2,207876.0
2015-01-05,-0.1,217470.5
2015-01-06,-1.6,225419.5
2015-01-07,-1.4,189578.0
2015-01-08,4.2,153610.25
2015-01-09,5.2,139439.5
2015-01-10,10.8,137690.25
2015-01-11,2.0,24344.0
2015-01-12,3.3,23065.25
2015-01-13,7.1,24753.0
2015-01-14,4.6,145820.0
2015-01-15,1.3,200534.25
2015-01-16,0.5,162602.5
2015-01-17,1.2,151311.75
2015-01-18,0.9,241982.0
2015-01-19,-0.2,258606.25
2015-01-20,-0.6,251168.5
2015-01-21,-0.3,246308.75
2015-01-22,2.3,235487.5
2015-01-23,0.0,167761.5
2015-01-24,-1.5,162787.0
2015-01-25,-0.2,234396.75
2015-01-26,-0.9,240059.0
2015-01-27,-0.3,198105.0
2015-01-28,0.6,202850.0
2015-01-29,-0.3,236388.0
2015-01-30,-1.3,190122.25
2015-01-31,-2.0,155978.5
2015-02-01,-1.2,233172.25
2015-02-02,-2.3,242037.25
2015-02-03,-3.5,248121.75
2015-02-04,-4.5,245107.75
2015-02-05,-4.3,230200.5
2015-02-06,-5.5,159861.25
2015-02-07,-3.2,146572.5
2015-02-08,-2.6,213573.25
2015-02-09,-0.6,235290.5
2015-02-10,1.4,245278.75
2015-02-11,-0.5,240071.5
2015-02-12,-1.2,233986.25
2015-02-13,-1.5,179617.0
2015-02-14,-1.8,148541.25
2015-02-15,1.7,213222.75
2015-02-16,1.8,240480.5
2015-02-17,-0.6,233089.5
2015-02-18,-1.5,223687.5
2015-02-19,-1.2,182648.0
2015-02-20,2.2,165255.75
2015-02-21,0.7,166883.5
2015-02-22,0.6,198405.25
2015-02-23,2.3,204075.0
2015-02-24,2.2,239301.5
2015-02-25,1.1,214236.0
2015-02-26,1.2,223579.75
2015-02-27,0.3,153534.5
2015-02-28,2.1,156072.25
2015-03-01,1.7,164171.75
2015-03-02,2.3,172452.5
2015-03-03,2.3,173240.5
2015-03-04,1.7,210794.75
2015-03-05,0.9,203996.25
2015-03-06,2.3,137104.75
2015-03-07,3.2,133404.75
2015-03-08,5.0,213553.25
2015-03-09,3.5,214986.75
2015-03-10,5.5,211665.5
2015-03-11,2.2,220004.0
2015-03-12,1.6,215757.5
2015-03-13,1.4,180213.0
2015-03-14,0.8,133293.5
2015-03-15,3.2,175325.0
2015-03-16,6.1,194087.25
2015-03-17,6.6,207344.75
2015-03-18,6.1,224339.0
2015-03-19,4.2,215854.0
2015-03-20,3.6,141038.5
2015-03-21,5.5,132588.75
2015-03-22,1.9,198713.0
2015-03-23,2.4,207476.75
2015-03-24,5.9,188347.25
2015-03-25,9.0,205473.75
2015-03-26,6.8,175148.5
2015-03-27,4.3,92508.25
2015-03-28,3.5,92046.25
2015-03-29,8.4,128731.5
2015-03-30,3.8,141181.0
2015-03-31,4.5,130190.0
2015-04-01,1.8,136205.5
2015-04-02,0.4,127336.25
2015-04-03,1.8,135379.75
2015-04-04,1.3,126034.5
2015-04-05,0.9,130090.0
2015-04-06,0.5,179377.5
2015-04-07,3.8,208947.25
2015-04-08,5.9,208016.75
2015-04-09,8.1,185494.5
2015-04-10,10.6,111399.0
2015-04-11,12.1,105333.0
2015-04-12,10.9,125896.5
2015-04-13,9.0,139004.25
2015-04-14,9.4,130778.5
2015-04-15,15.5,172451.0
2015-04-16,15.1,187515.75
2015-04-17,6.6,127292.5
2015-04-18,4.1,129561.25
2015-04-19,6.9,175605.25
2015-04-20,9.9,163491.0
2015-04-21,12.6,181892.25
2015-04-22,8.4,181983.0
2015-04-23,9.2,170835.75
2015-04-24,11.5,112119.5
2015-04-25,12.9,113509.25
2015-04-26,13.1,160872.75
2015-04-27,14.0,174153.0
2015-04-28,5.6,154092.25
2015-04-29,7.8,150109.5
2015-04-30,7.9,106475.0
2015-05-01,8.0,110221.25
2015-05-02,8.9,115408.5
2015-05-03,11.0,134327.75
2015-05-04,15.6,117638.25
2015-05-05,19.1,110852.5
2015-05-06,11.5,121341.75
2015-05-07,11.6,126537.5
2015-05-08,14.0,108995.75
2015-05-09,12.8,99101.5
2015-05-10,12.8,136790.5
2015-05-11,13.2,118788.25
2015-05-12,18.6,129800.5
2015-05-13,13.9,103978.25
2015-05-14,11.9,110738.25
2015-05-15,11.5,110236.0
2015-05-16,15.0,102468.25
2015-05-17,11.5,132177.0
2015-05-18,15.2,145613.75
2015-05-19,12.8,184011.0
2015-05-20,7.3,182111.25
2015-05-21,9.2,149485.75
2015-05-22,12.0,118907.25
2015-05-23,12.4,101267.75
2015-05-24,11.9,104976.0
2015-05-25,13.2,155984.0
2015-05-26,9.6,158582.75
2015-05-27,8.6,128295.25
2015-05-28,12.4,142803.25
2015-05-29,14.0,117731.75
2015-05-30,12.2,103956.0
2015-05-31,15.0,143409.5
2015-06-01,16.9,122203.75
2015-06-02,20.2,133985.0
2015-06-03,21.0,112596.0
2015-06-04,17.5,126992.0
2015-06-05,20.8,97962.5
2015-06-06,22.8,99463.0
2015-06-07,19.5,153079.25
2015-06-08,15.3,192883.75
2015-06-09,10.4,188483.5
2015-06-10,13.8,186848.25
2015-06-11,16.5,176483.0
2015-06-12,22.3,106759.25
2015-06-13,19.1,107221.25
2015-06-14,18.2,154806.25
2015-06-15,14.6,164608.25
2015-06-16,13.3,142959.5
2015-06-17,12.3,162254.75
2015-06-18,13.3,146798.0
2015-06-19,10.2,108629.25
2015-06-20,10.1,108550.75
2015-06-21,11.4,177330.25
2015-06-22,11.7,166094.0
2015-06-23,10.4,164344.5
2015-06-24,12.6,178515.0
2015-06-25,15.6,173287.25
2015-06-26,18.0,110572.25
2015-06-27,16.4,105319.5
2015-06-28,15.9,174144.75
2015-06-29,16.0,185654.75
2015-06-30,19.4,162994.25
2015-07-01,21.5,162765.0
2015-07-02,23.0,178117.0
2015-07-03,24.7,140078.0
2015-07-04,26.0,102302.0
2015-07-05,26.7,164797.0
2015-07-06,23.7,173792.5
2015-07-07,26.8,126688.5
2015-07-08,18.2,122709.25
2015-07-09,14.0,126376.25
2015-07-10,14.1,114741.0
2015-07-11,18.7,95537.75
2015-07-12,22.1,166376.75
2015-07-13,16.3,175934.5
2015-07-14,17.9,198508.25
2015-07-15,18.9,196024.5
2015-07-16,23.3,179435.25
2015-07-17,25.1,117825.25
2015-07-18,25.0,100673.75
2015-07-19,24.7,164527.25
2015-07-20,22.5,162608.75
2015-07-21,25.3,179008.75
2015-07-22,28.6,175609.5
2015-07-23,21.2,166014.5
2015-07-24,23.4,101004.75
2015-07-25,19.2,97306.25
2015-07-26,16.4,111630.5
2015-07-27,16.0,98557.0
2015-07-28,17.3,93239.25
2015-07-29,14.1,86384.0
2015-07-30,15.1,87824.0
2015-07-31,16.7,85284.0
2015-08-01,20.1,87573.25
2015-08-02,18.7,109881.0
2015-08-03,21.4,112758.5
2015-08-04,24.5,110401.5
2015-08-05,23.4,115849.25
2015-08-06,26.0,110807.75
2015-08-07,28.6,91578.5
2015-08-08,28.4,86137.0
2015-08-09,25.4,109472.5
2015-08-10,26.7,117576.0
2015-08-11,26.1,120435.75
2015-08-12,27.3,105132.75
2015-08-13,26.9,104068.0
2015-08-14,24.0,86110.75
2015-08-15,22.4,89473.75
2015-08-16,17.8,127384.5
2015-08-17,14.6,129369.25
2015-08-18,14.4,127675.0
2015-08-19,14.4,123106.25
2015-08-20,15.1,109803.0
2015-08-21,16.8,83025.75
2015-08-22,16.6,88123.25
2015-08-23,17.6,108456.5
2015-08-24,20.0,113171.0
2015-08-25,15.8,108156.0
2015-08-26,18.6,114680.25
2015-08-27,23.0,111026.0
2015-08-28,23.6,100693.25
2015-08-29,24.3,90488.5
2015-08-30,26.0,112852.0
2015-08-31,27.3,121820.75
2015-09-01,23.2,171922.75
2015-09-02,14.1,128997.0
2015-09-03,14.6,131713.0
2015-09-04,13.9,92270.5
2015-09-05,12.3,101112.0
2015-09-06,10.5,117954.5
2015-09-07,9.7,121169.75
2015-09-08,11.2,118220.75
2015-09-09,7.9,119867.5
2015-09-10,9.2,108476.5
2015-09-11,12.2,84464.5
2015-09-12,15.1,78524.75
2015-09-13,16.4,112979.0
2015-09-14,13.9,108329.75
2015-09-15,15.3,405787.0
2015-09-16,18.2,111691.25
2015-09-17,18.7,109922.25
2015-09-18,13.1,491341.0
2015-09-19,15.1,76898.25
2015-09-20,9.9,114519.25
2015-09-21,11.0,119422.0
2015-09-22,13.1,115643.75
2015-09-23,10.3,113215.0
2015-09-24,11.1,112626.25
2015-09-25,13.4,83951.5
2015-09-26,12.0,80017.25
2015-09-27,10.8,118387.25
2015-09-28,10.7,290363.25
2015-09-29,9.6,120321.75
2015-09-30,8.3,123220.5
2015-10-01,8.0,123100.0
2015-10-02,11.0,86493.75
2015-10-03,11.5,86439.0
2015-10-04,11.1,108213.0
2015-10-05,12.1,130580.25
2015-10-06,12.3,122156.0
2015-10-07,12.9,124796.5
2015-10-08,11.6,128829.75
2015-10-09,11.1,89825.5
2015-10-10,7.6,83808.5
2015-10-11,3.5,136269.0
2015-10-12,3.0,163771.75
2015-10-13,1.2,168680.0
2015-10-14,3.5,166523.25
2015-10-15,7.1,163446.75
2015-10-16,5.3,134068.5
2015-10-17,4.4,106871.25
2015-10-18,5.4,159209.0
2015-10-19,6.1,158864.0
2015-10-20,5.2,152589.5
2015-10-21,7.0,147498.75
2015-10-22,7.7,144257.75
2015-10-23,7.8,133914.25
2015-10-24,6.2,331426.0
2015-10-25,9.5,142900.25
2015-10-26,9.4,144080.0
2015-10-27,8.7,146252.25
2015-10-28,7.0,153842.25
2015-10-29,7.0,153671.25
2015-10-30,6.5,105752.0
2015-10-31,8.1,85205.25
2015-11-01,6.1,149954.0
2015-11-02,1.7,167044.25
2015-11-03,-2.0,167048.75
2015-11-04,6.3,150348.75
2015-11-05,10.3,141408.5
2015-11-06,10.4,108052.0
2015-11-07,13.3,91340.25
2015-11-08,11.5,108817.25
2015-11-09,13.2,108894.0
2015-11-10,12.8,134791.5
2015-11-11,10.7,142731.0
2015-11-12,8.5,135979.75
2015-11-13,8.3,104164.25
2015-11-14,5.7,106306.25
2015-11-15,9.2,120488.5
2015-11-16,10.3,133151.5
2015-11-17,11.0,111668.0
2015-11-18,10.6,108018.0
2015-11-19,10.9,139099.5
2015-11-20,3.8,113269.5
2015-11-21,0.9,103459.5
2015-11-22,-0.4,163929.0
2015-11-23,-0.5,161010.75
2015-11-24,-1.5,169526.75
2015-11-25,-0.4,169431.5
2015-11-26,1.6,145760.25
2015-11-27,0.8,109387.5
2015-11-28,0.2,107118.5
2015-11-29,4.9,120701.75
2015-11-30,6.7,151090.0
2015-12-01,6.5,141824.75
2015-12-02,7.0,140587.5
2015-12-03,3.8,115722.5
2015-12-04,3.9,86251.5
2015-12-05,5.4,97124.75
2015-12-06,4.7,145391.75
2015-12-07,5.9,145284.0
2015-12-08,0.1,129033.25
2015-12-09,2.8,123867.5
2015-12-10,0.5,122540.25
2015-12-11,2.6,89624.75
2015-12-12,4.4,94035.5
2015-12-13,3.8,146223.75
2015-12-14,2.1,156407.75
2015-12-15,3.5,152722.25
2015-12-16,3.3,134632.0
2015-12-17,7.4,135912.0
2015-12-18,7.9,94090.0
2015-12-19,5.3,86841.25
2015-12-20,2.1,97650.5
2015-12-21,4.5,136323.25
2015-12-22,9.0,108161.5
2015-12-23,8.5,74287.25
2015-12-24,5.4,62794.75
2015-12-25,8.7,72119.25
2015-12-26,8.2,73011.5
2015-12-27,6.8,93745.75
2015-12-28,5.3,85070.5
2015-12-29,3.2,88383.0
2015-12-30,-1.0,88739.5
2015-12-31,-3.8,79025.0
2016-01-01,-0.8,85479.0
2016-01-02,-2.5,75070.0
2016-01-03,-7.1,134605.0
2016-01-04,-6.6,136950.5
2016-01-05,-1.9,140502.5
2016-01-06,-0.9,144127.25
2016-01-07,0.2,130434.75
2016-01-08,0.6,106833.75
2016-01-09,0.2,90580.5
2016-01-10,0.8,135329.5
2016-01-11,2.7,152240.5
2016-01-12,2.3,152720.25
2016-01-13,2.0,153528.75
2016-01-14,-1.5,156870.75
2016-01-15,-0.7,122146.25
2016-01-16,-3.3,118023.0
2016-01-17,-3.8,160583.75
2016-01-18,-8.1,162567.25
2016-01-19,-11.9,175381.5
2016-01-20,-5.1,160132.0
2016-01-21,-7.4,162207.75
2016-01-22,-11.7,115178.25
2016-01-23,-1.9,107358.0
2016-01-24,2.6,133134.0
2016-01-25,4.6,123058.25
2016-01-26,6.9,106767.5
2016-01-27,9.8,124937.5
2016-01-28,5.3,106942.5
2016-01-29,4.9,103415.25
2016-01-30,6.2,98607.75
2016-01-31,2.0,120489.5
2016-02-01,9.7,110238.75
2016-02-02,8.8,114502.75
2016-02-03,2.6,141187.5
2016-02-04,0.4,139189.5
2016-02-05,2.2,100019.25
2016-02-06,4.2,96805.5
2016-02-07,2.4,107342.75
2016-02-08,5.9,110989.0
2016-02-09,7.7,136278.75
2016-02-10,1.4,139676.0
2016-02-11,0.8,137013.75
2016-02-12,0.2,111485.75
2016-02-13,1.6,93045.75
2016-02-14,4.9,142171.25
2016-02-15,3.4,148271.5
2016-02-16,-0.3,137863.75
2016-02-17,0.5,143875.75
2016-02-18,-0.2,148493.75
2016-02-19,0.6,98225.0
2016-02-20,1.6,97533.5
2016-02-21,9.8,112144.5
2016-02-22,9.4,129311.25
2016-02-23,1.8,129697.75
2016-02-24,-0.3,138086.75
2016-02-25,-0.1,148830.75
2016-02-26,-1.4,114016.0
2016-02-27,-0.8,96533.75
2016-02-28,0.8,145610.0
2016-02-29,0.6,163874.25
2016-03-01,-1.7,141416.0
2016-03-02,2.2,160451.25
2016-03-03,0.8,128135.75
2016-03-04,1.0,115749.0
2016-03-05,2.2,100966.75
2016-03-06,1.5,151038.25
2016-03-07,1.0,164774.5
2016-03-08,-0.3,149601.25
2016-03-09,0.5,155365.5
2016-03-10,3.1,157134.75
2016-03-11,3.0,122255.25
2016-03-12,1.9,86063.25
2016-03-13,1.6,132790.0
2016-03-14,1.7,152310.75
2016-03-15,0.2,146452.5
2016-03-16,1.3,146308.5
2016-03-17,3.3,145453.75
2016-03-18,6.0,123533.5
2016-03-19,2.9,98353.5
2016-03-20,3.1,125518.0
2016-03-21,4.4,156337.0
2016-03-22,3.7,155439.0
2016-03-23,2.6,151744.5
2016-03-24,3.5,116065.75
2016-03-25,3.7,317401.0
2016-03-26,3.8,367124.25
2016-03-27,6.7,287259.75
2016-03-28,9.1,105982.0
2016-03-29,7.4,139840.25
2016-03-30,6.3,158445.5
2016-03-31,11.2,159999.25
2016-04-01,3.0,94920.75
2016-04-02,7.1,76135.75
2016-04-03,11.0,120069.25
2016-04-04,13.2,133061.0
2016-04-05,15.6,113851.0
2016-04-06,10.0,104261.0
2016-04-07,10.0,103475.0
2016-04-08,6.6,84114.75
2016-04-09,5.8,71330.0
2016-04-10,5.7,112184.75
2016-04-11,7.3,123547.5
2016-04-12,9.2,138707.0
2016-04-13,9.6,135899.25
2016-04-14,8.4,118077.5
2016-04-15,6.9,86377.0
2016-04-16,10.7,71995.75
2016-04-17,9.5,105886.75
2016-04-18,7.1,99860.5
2016-04-19,7.1,108270.5
2016-04-20,6.9,108735.25
2016-04-21,8.8,119898.25
2016-04-22,9.8,88974.75
2016-04-23,5.5,84900.5
2016-04-24,0.4,124692.75
2016-04-25,0.9,136667.0
2016-04-26,2.8,131865.25
2016-04-27,2.1,147660.25
2016-04-28,2.7,129529.25
2016-04-29,6.7,80078.0
2016-04-30,10.9,84400.75
2016-05-01,11.0,109091.25
2016-05-02,11.2,121160.75
2016-05-03,11.5,124438.0
2016-05-04,6.1,74996.75
2016-05-05,10.0,85823.0
2016-05-06,14.6,69764.5
2016-05-07,15.1,71509.25
2016-05-08,13.9,96414.25
2016-05-09,14.9,110926.5
2016-05-10,14.2,100593.5
2016-05-11,13.9,106332.75
2016-05-12,12.9,102125.75
2016-05-13,12.2,67493.0
2016-05-14,10.6,67540.5
2016-05-15,5.9,66468.0
2016-05-16,6.4,115241.0
2016-05-17,7.9,134725.25
2016-05-18,11.5,143262.5
2016-05-19,13.3,133119.5
2016-05-20,13.8,81056.75
2016-05-21,16.4,67805.25
2016-05-22,20.0,135305.75
2016-05-23,13.6,142821.5
2016-05-24,12.8,153954.0
2016-05-25,13.6,111309.25
2016-05-26,15.7,126065.25
2016-05-27,16.8,78713.5
2016-05-28,16.8,68418.75
2016-05-29,17.8,96823.0
2016-05-30,16.7,142501.75
2016-05-31,14.5,133714.5
2016-06-01,14.2,124180.75
2016-06-02,13.7,115413.0
2016-06-03,14.5,73985.0
2016-06-04,16.8,64002.75
2016-06-05,18.5,113776.75
2016-06-06,16.4,110592.75
2016-06-07,17.3,108638.0
2016-06-08,17.5,122270.5
2016-06-09,14.6,96659.5
2016-06-10,16.6,71865.25
2016-06-11,14.4,67842.5
2016-06-12,14.5,115328.25
2016-06-13,14.6,138868.75
2016-06-14,15.7,140115.0
2016-06-15,14.5,93001.5
2016-06-16,17.1,110245.75
2016-06-17,13.0,68353.5
2016-06-18,15.7,70152.75
2016-06-19,14.9,111125.25
2016-06-20,14.8,143129.0
2016-06-21,16.7,156754.75
2016-06-22,19.6,126852.0
2016-06-23,23.6,114711.75
2016-06-24,25.5,75089.5
2016-06-25,19.2,73603.25
2016-06-26,16.1,112426.75
2016-06-27,15.4,125925.25
2016-06-28,17.7,122448.75
2016-06-29,19.5,133551.5
2016-06-30,18.2,100978.0
2016-07-01,20.1,75687.0
2016-07-02,17.7,71239.25
2016-07-03,14.4,173958.25
2016-07-04,16.0,104455.75
2016-07-05,19.2,79022.25
2016-07-06,15.3,87282.0
2016-07-07,16.3,88909.5
2016-07-08,20.3,70962.25
2016-07-09,19.8,65314.0
2016-07-10,23.0,91280.75
2016-07-11,21.7,122294.75
2016-07-12,17.1,128766.5
2016-07-13,15.2,91668.75
2016-07-14,11.7,97725.0
2016-07-15,12.3,78114.75
2016-07-16,15.9,76801.75
2016-07-17,16.8,128060.5
2016-07-18,20.3,146433.25
2016-07-19,20.6,144985.75
2016-07-20,20.9,140959.0
2016-07-21,19.1,134044.75
2016-07-22,20.8,84269.5
2016-07-23,21.5,67482.5
2016-07-24,19.5,136426.0
2016-07-25,20.7,136262.5
2016-07-26,20.5,135522.75
2016-07-27,18.5,147036.25
2016-07-28,19.8,124613.5
2016-07-29,19.5,82145.25
2016-07-30,21.3,70197.25
2016-07-31,17.8,102843.25
2016-08-01,15.7,138505.75
2016-08-02,15.1,111273.0
2016-08-03,18.9,111227.75
2016-08-04,21.3,111650.75
2016-08-05,14.8,69745.5
2016-08-06,16.2,64926.5
2016-08-07,18.0,77542.0
2016-08-08,20.3,93425.75
2016-08-09,14.1,94586.75
2016-08-10,11.3,103527.25
2016-08-11,11.3,103627.75
2016-08-12,13.0,68339.75
2016-08-13,18.8,66717.5
2016-08-14,18.9,82860.0
2016-08-15,18.1,90444.75
2016-08-16,17.2,101166.25
2016-08-17,15.4,122078.0
2016-08-18,16.8,117299.75
2016-08-19,17.8,86405.75
2016-08-20,21.1,81839.0
2016-08-21,14.7,118419.75
2016-08-22,16.0,125673.75
2016-08-23,19.2,123646.0
2016-08-24,19.2,99147.75
2016-08-25,20.3,101508.0
2016-08-26,20.7,93258.75
2016-08-27,21.2,71262.25
2016-08-28,23.8,108558.0
2016-08-29,17.4,129070.5
2016-08-30,15.4,132276.5
2016-08-31,15.6,150869.25
2016-09-01,19.0,143951.25
2016-09-02,19.0,109564.0
2016-09-03,18.0,97428.0
2016-09-04,18.2,147999.5
2016-09-05,14.9,153052.75
2016-09-06,15.1,145686.75
2016-09-07,18.1,142892.0
2016-09-08,20.1,139000.5
2016-09-09,19.2,103893.25
2016-09-10,20.6,84690.0
2016-09-11,21.6,131285.75
2016-09-12,20.9,126660.25
2016-09-13,20.7,130010.0
2016-09-14,20.1,135225.25
2016-09-15,19.7,142201.0
2016-09-16,18.3,95198.0
2016-09-17,15.6,99253.75
2016-09-18,13.7,138044.75
2016-09-19,11.2,148591.5
2016-09-20,10.5,145995.0
2016-09-21,9.4,128900.0
2016-09-22,10.4,114034.0
2016-09-23,12.5,82069.75
2016-09-24,12.7,80051.5
2016-09-25,11.4,134964.0
2016-09-26,13.3,150767.25
2016-09-27,12.4,91346.5
2016-09-28,14.3,99424.5
2016-09-29,17.2,145027.0
2016-09-30,16.3,139807.5
2016-10-01,16.1,337416.0
2016-10-02,10.9,93060.0
2016-10-03,9.1,142376.0
2016-10-04,8.0,147843.5
2016-10-05,5.1,148435.0
2016-10-06,6.5,167627.5
2016-10-07,5.8,136943.5
2016-10-08,6.2,140531.5
2016-10-09,5.7,175013.75
2016-10-10,5.8,177418.75
2016-10-11,4.5,179900.25
2016-10-12,5.3,169556.5
2016-10-13,5.8,143585.5
2016-10-14,7.3,125375.5
2016-10-15,9.7,128999.75
2016-10-16,10.4,190103.25
2016-10-17,7.6,205339.75
2016-10-18,9.5,200947.5
2016-10-19,8.4,195976.75
2016-10-20,6.6,195436.0
2016-10-21,4.3,137569.5
2016-10-22,4.7,128745.0
2016-10-23,3.6,170773.0
2016-10-24,8.3,181577.25
2016-10-25,10.5,179751.0
2016-10-26,7.9,159635.5
2016-10-27,8.0,138738.0
2016-10-28,8.5,341602.25
2016-10-29,8.5,131443.75
2016-10-30,5.8,147421.5
2016-10-31,5.1,128551.5
2016-11-01,7.3,145472.0
2016-11-02,4.9,185276.75
2016-11-03,3.1,168676.75
2016-11-04,2.2,151280.25
2016-11-05,3.2,142905.25
2016-11-06,3.1,173870.25
2016-11-07,0.9,202117.0
2016-11-08,-0.3,194385.25
2016-11-09,-0.6,199049.0
2016-11-10,1.3,195075.5
2016-11-11,0.9,150803.25
2016-11-12,-1.7,161177.25
2016-11-13,-3.0,178086.0
2016-11-14,-3.2,182186.75
2016-11-15,-0.8,188104.75
2016-11-16,7.0,150591.25
2016-11-17,7.4,137436.5
2016-11-18,7.2,113181.5
2016-11-19,4.5,87847.25
2016-11-20,3.5,155323.5
2016-11-21,6.0,171853.0
2016-11-22,7.6,199875.25
2016-11-23,5.9,197413.25
2016-11-24,5.8,203275.25
2016-11-25,4.7,159599.5
2016-11-26,4.5,134655.0
2016-11-27,1.4,175624.75
2016-11-28,-2.3,179250.5
2016-11-29,-3.9,162067.0
2016-11-30,-1.2,131383.5
2016-12-01,1.2,155566.5
2016-12-02,0.2,156327.0
2016-12-03,-3.0,164665.0
2016-12-04,-4.6,199201.75
2016-12-05,-5.7,217671.5
2016-12-06,-3.9,200829.75
2016-12-07,-4.0,156650.0
2016-12-08,2.7,158004.75
2016-12-09,3.7,122735.0
2016-12-10,6.4,108859.0
2016-12-11,4.6,178516.5
2016-12-12,3.0,195172.75
2016-12-13,1.2,192591.75
2016-12-14,3.5,195740.75
2016-12-15,-0.8,195972.75
2016-12-16,-1.7,172047.0
2016-12-17,-2.5,154056.5
2016-12-18,0.0,187628.0
2016-12-19,-0.9,190518.75
2016-12-20,-4.0,176006.75
2016-12-21,-4.6,187582.75
2016-12-22,-4.9,151018.5
2016-12-23,-0.4,105961.5
2016-12-24,2.7,89613.0
2016-12-25,4.8,94023.5
2016-12-26,5.5,114779.75
2016-12-27,2.5,123184.0
2016-12-28,2.9,139331.75
2016-12-29,-0.8,136593.25
2016-12-30,-4.1,29597.0
2016-12-31,-1.7,35365.25
2017-01-01,-1.6,38820.75
2017-01-02,-2.7,37970.0
2017-01-03,-1.3,38725.5
2017-01-04,-0.2,39764.25
2017-01-05,-6.1,37775.0
2017-01-06,-10.5,30525.25
2017-01-07,-10.4,30754.25
2017-01-08,-4.5,35198.5
2017-01-09,-2.6,33289.25
2017-01-10,-8.6,35697.75
2017-01-11,-5.4,33659.25
2017-01-12,1.6,34374.25
2017-01-13,0.9,30995.5
2017-01-14,-1.2,32490.0
2017-01-15,-3.4,38761.5
2017-01-16,-4.5,39054.75
2017-01-17,-5.7,40427.25
2017-01-18,-7.3,41353.5
2017-01-19,-12.8,40524.25
2017-01-20,-10.4,38653.25
2017-01-21,-8.1,34964.0
2017-01-22,-6.7,36172.5
2017-01-23,-8.5,37589.75
2017-01-24,-7.4,37522.0
2017-01-25,-4.5,34827.0
2017-01-26,-3.2,34684.25
2017-01-27,-7.7,34304.25
2017-01-28,-8.2,29891.5
2017-01-29,-8.5,36063.0
2017-01-30,-7.3,36194.0
2017-01-31,-4.5,35212.0
2017-02-01,-3.2,33713.25
2017-02-02,-1.7,34893.5
2017-02-03,-0.4,33232.0
2017-02-04,2.0,33550.5
2017-02-05,2.3,41575.25
2017-02-06,1.2,40057.75
2017-02-07,-1.6,39543.0
2017-02-08,-3.3,41402.75
2017-02-09,-3.6,38761.25
2017-02-10,-1.3,34371.25
2017-02-11,-1.8,34592.25
2017-02-12,-1.3,42488.25
2017-02-13,-1.2,35396.25
2017-02-14,-0.6,33731.25
2017-02-15,0.9,35886.5
2017-02-16,3.9,38719.0
2017-02-17,3.4,36345.0
2017-02-18,2.4,33055.0
2017-02-19,2.3,34905.0
2017-02-20,4.6,34635.75
2017-02-21,6.6,33568.25
2017-02-22,8.4,34859.25
2017-02-23,12.2,34809.25
2017-02-24,2.6,33206.75
2017-02-25,1.5,32790.25
2017-02-26,3.7,34065.75
2017-02-27,3.5,34493.25
2017-02-28,3.8,31521.5
2017-03-01,3.1,32983.0
2017-03-02,5.4,34524.25
2017-03-03,4.9,33360.0
2017-03-04,9.0,32418.5
2017-03-05,4.0,36152.25
2017-03-06,2.8,38438.75
2017-03-07,2.6,36298.75
2017-03-08,3.8,37015.25
2017-03-09,7.4,36033.25
2017-03-10,4.2,35769.5
2017-03-11,3.3,33782.0
2017-03-12,0.8,35783.0
2017-03-13,2.9,35131.0
2017-03-14,5.9,34330.0
2017-03-15,6.4,35386.25
2017-03-16,7.4,34835.25
2017-03-17,8.1,33577.5
2017-03-18,5.9,33454.75
2017-03-19,8.5,34843.5
2017-03-20,8.8,35322.75
2017-03-21,9.6,36066.25
2017-03-22,4.1,34748.25
2017-03-23,5.4,36929.5
2017-03-24,5.0,31930.25
2017-03-25,4.5,30617.75
2017-03-26,4.5,33916.0
2017-03-27,6.3,33393.5
2017-03-28,10.8,33568.75
2017-03-29,11.9,33414.0
2017-03-30,11.9,31753.75
2017-03-31,13.7,30700.5
2017-04-01,12.6,30775.0
2017-04-02,13.8,33999.5
2017-04-03,9.1,37033.0
2017-04-04,6.2,32698.75
2017-04-05,8.5,35668.75
2017-04-06,5.5,32564.25
2017-04-07,6.7,32256.5
2017-04-08,11.0,32399.25
2017-04-09,12.0,32190.5
2017-04-10,13.2,33282.0
2017-04-11,6.9,33976.75
2017-04-12,9.4,33469.75
2017-04-13,8.3,31266.25
2017-04-14,8.6,31208.0
2017-04-15,8.8,30168.0
2017-04-16,5.3,31242.5
2017-04-17,2.7,34924.75
2017-04-18,1.3,36386.75
2017-04-19,0.7,36203.25
2017-04-20,1.0,34501.75
2017-04-21,6.9,31531.25
2017-04-22,5.1,31582.0
2017-04-23,3.9,34519.0
2017-04-24,8.0,35754.5
2017-04-25,8.3,37029.25
2017-04-26,2.8,36377.5
2017-04-27,3.8,35799.75
2017-04-28,3.3,31477.25
2017-04-29,7.0,31293.5
2017-04-30,8.1,29853.75
2017-05-01,10.6,32261.75
2017-05-02,7.5,32878.0
2017-05-03,11.5,34380.25
2017-05-04,9.1,33700.75
2017-05-05,9.6,33751.0
2017-05-06,12.5,33209.0
2017-05-07,10.9,35370.25
2017-05-08,9.4,32535.5
2017-05-09,4.4,29134.0
2017-05-10,8.2,31462.75
2017-05-11,13.5,34778.75
2017-05-12,14.1,32196.75
2017-05-13,14.4,31778.25
2017-05-14,15.0,34132.5
2017-05-15,13.8,33983.0
2017-05-16,15.4,30276.0
2017-05-17,16.7,28694.25
2017-05-18,19.6,27839.0
2017-05-19,16.7,29897.0
2017-05-20,12.7,29852.0
2017-05-21,13.1,32618.25
2017-05-22,13.9,32587.75
2017-05-23,18.0,31812.75
2017-05-24,12.6,29957.5
2017-05-25,13.0,30911.75
2017-05-26,16.2,30565.25
2017-05-27,18.2,29257.75
2017-05-28,20.1,31451.0
2017-05-29,22.3,31525.0
2017-05-30,23.8,23589.75
2017-05-31,20.5,24736.0
2017-06-01,18.2,30343.0
2017-06-02,19.8,29275.25
2017-06-03,21.8,29452.75
2017-06-04,14.7,29285.25
2017-06-05,16.6,30951.75
2017-06-06,14.3,29629.5
2017-06-07,11.0,30504.0
2017-06-08,15.6,30987.0
2017-06-09,19.3,28690.75
2017-06-10,16.9,28988.0
2017-06-11,20.2,29676.25
2017-06-12,20.5,30012.5
2017-06-13,16.2,28086.25
2017-06-14,18.3,25802.25
2017-06-15,21.6,27622.75
2017-06-16,17.8,29851.25
2017-06-17,14.8,29496.5
2017-06-18,18.2,30943.25
2017-06-19,22.3,31281.0
2017-06-20,24.2,24905.75
2017-06-21,22.9,32178.75
2017-06-22,25.7,30927.5
2017-06-23,21.2,22968.0
2017-06-24,22.6,21041.75
2017-06-25,20.8,26758.5
2017-06-26,20.9,23694.0
2017-06-27,17.9,31913.75
2017-06-28,22.0,32272.25
2017-06-29,15.1,29255.0
2017-06-30,15.4,27110.0
2017-07-01,16.4,26364.5
2017-07-02,16.6,28420.75
2017-07-03,17.3,29934.5
2017-07-04,17.9,30227.25
2017-07-05,20.4,29950.0
2017-07-06,21.4,27207.25
2017-07-07,22.1,27054.25
2017-07-08,22.8,29510.25
2017-07-09,22.3,31507.75
2017-07-10,21.6,31501.5
2017-07-11,17.7,34020.75
2017-07-12,17.5,32888.25
2017-07-13,14.1,32660.5
2017-07-14,15.2,31175.5
2017-07-15,12.1,29527.0
2017-07-16,17.9,30114.75
2017-07-17,20.2,28217.75
2017-07-18,21.6,29845.0
2017-07-19,22.9,33205.75
2017-07-20,22.0,30824.5
2017-07-21,22.0,29381.0
2017-07-22,22.0,29563.0
2017-07-23,18.9,32058.25
2017-07-24,15.3,32814.75
2017-07-25,13.2,31242.75
2017-07-26,13.8,28697.75
2017-07-27,15.6,28129.75
2017-07-28,17.3,27392.75
2017-07-29,20.8,27023.5
2017-07-30,21.0,24573.0
2017-07-31,24.3,31082.5
2017-08-01,28.1,33560.5
2017-08-02,24.0,29173.5
2017-08-03,21.8,29483.5
2017-08-04,22.3,28397.0
2017-08-05,23.7,27592.25
2017-08-06,17.7,30068.5
2017-08-07,18.8,30804.75
2017-08-08,20.2,30007.0
2017-08-09,20.0,31328.25
2017-08-10,20.9,30171.5
2017-08-11,13.1,27755.0
2017-08-12,14.6,28009.25
2017-08-13,16.6,28810.75
2017-08-14,18.2,27893.25
2017-08-15,21.6,28298.5
2017-08-16,18.1,27924.75
2017-08-17,20.8,27792.25
2017-08-18,23.9,26586.75
2017-08-19,16.0,25897.5
2017-08-20,14.7,27497.25
2017-08-21,13.7,28288.75
2017-08-22,13.4,28433.0
2017-08-23,14.8,28003.75
2017-08-24,19.8,28932.0
2017-08-25,21.1,27959.25
2017-08-26,23.4,25989.25
2017-08-27,21.0,29191.0
2017-08-28,17.6,30283.0
2017-08-29,18.4,30677.5
2017-08-30,21.4,30919.75
2017-08-31,18.5,33236.25
2017-09-01,11.8,30901.0
2017-09-02,11.4,30258.75
2017-09-03,9.1,32622.0
2017-09-04,12.9,32450.75
2017-09-05,15.0,32640.5
2017-09-06,16.3,33715.25
2017-09-07,11.7,32746.75
2017-09-08,12.8,31223.0
2017-09-09,14.1,31224.0
2017-09-10,12.3,32222.0
2017-09-11,13.6,33442.0
2017-09-12,10.9,32974.25
2017-09-13,15.5,33907.0
2017-09-14,10.2,34452.0
2017-09-15,9.7,31926.5
2017-09-16,9.3,31450.25
2017-09-17,9.5,34754.5
2017-09-18,7.5,35377.0
2017-09-19,8.8,34838.5
2017-09-20,8.5,33528.0
2017-09-21,10.6,33529.25
2017-09-22,9.8,31751.25
2017-09-23,11.6,31213.5
2017-09-24,10.9,33978.5
2017-09-25,11.6,35345.75
2017-09-26,13.2,35062.75
2017-09-27,14.1,35057.0
2017-09-28,13.5,35202.5
2017-09-29,12.5,32270.25
2017-09-30,11.0,31946.0
2017-10-01,10.4,32379.0
2017-10-02,12.6,24447.5
2017-10-03,10.5,31243.75
2017-10-04,10.3,31318.0
2017-10-05,11.6,32628.75
2017-10-06,8.2,31740.5
2017-10-07,8.8,31821.25
2017-10-08,8.6,34023.0
2017-10-09,7.4,33996.25
2017-10-10,10.6,31287.0
2017-10-11,11.9,31541.0
2017-10-12,12.0,34658.75
2017-10-13,12.2,32185.75
2017-10-14,12.1,32056.25
2017-10-15,12.0,33870.75
2017-10-16,13.7,34236.75
2017-10-17,13.4,35687.5
2017-10-18,11.0,35953.75
2017-10-19,9.8,34970.5
2017-10-20,10.9,33866.0
2017-10-21,13.1,32349.25
2017-10-22,7.9,36093.5
2017-10-23,6.8,31002.25
2017-10-24,9.3,26310.0
2017-10-25,12.1,27125.5
2017-10-26,11.6,30154.25
2017-10-27,8.7,29179.25
2017-10-28,6.7,25661.5
2017-10-29,6.0,32179.5
2017-10-30,3.3,37361.5
2017-10-31,4.9,38152.5
2017-11-01,5.6,37275.0
2017-11-02,9.2,38748.5
2017-11-03,5.3,36033.5
2017-11-04,1.5,35622.25
2017-11-05,5.0,38917.75
2017-11-06,4.9,39810.0
2017-11-07,5.6,41174.75
2017-11-08,5.6,39832.0
2017-11-09,5.7,35567.0
2017-11-10,5.5,34496.5
2017-11-11,3.3,35423.75
2017-11-12,2.2,37954.25
2017-11-13,1.5,37250.5
2017-11-14,-0.2,38342.75
2017-11-15,1.1,40506.5
2017-11-16,0.3,37917.0
2017-11-17,2.3,34552.5
2017-11-18,3.0,32016.75
2017-11-19,2.2,36789.5
2017-11-20,1.6,37932.5
2017-11-21,5.8,34649.0
2017-11-22,6.3,33820.25
2017-11-23,3.3,35900.25
2017-11-24,6.9,35096.75
2017-11-25,3.2,34849.25
2017-11-26,0.5,35917.0
2017-11-27,1.8,37341.0
2017-11-28,3.2,38864.0
2017-11-29,1.7,39236.75
2017-11-30,-0.5,38369.75
2017-12-01,-1.0,37132.5
2017-12-02,-1.9,34659.0
2017-12-03,-2.2,36451.5
2017-12-04,0.1,32231.0
2017-12-05,1.5,31029.5
2017-12-06,1.9,33963.75
2017-12-07,2.2,33622.75
2017-12-08,1.6,33363.75
2017-12-09,-2.2,34393.25
2017-12-10,-0.2,36948.25
2017-12-11,2.7,36677.75
2017-12-12,2.4,36025.5
2017-12-13,0.2,36756.0
2017-12-14,2.7,38223.5
2017-12-15,1.7,35935.0
2017-12-16,0.8,35894.25
2017-12-17,-0.8,38076.0
2017-12-18,-5.4,39317.25
2017-12-19,-3.3,38242.5
2017-12-20,-0.1,36969.0
2017-12-21,1.8,35400.5
2017-12-22,3.4,31311.75
2017-12-23,5.3,28342.0
2017-12-24,4.4,29893.5
2017-12-25,1.0,29786.0
2017-12-26,0.2,33629.25
2017-12-27,-1.3,33970.75
2017-12-28,0.1,34186.25
2017-12-29,-3.2,30562.75
2017-12-30,2.8,28704.5
2017-12-31,8.5,30570.25
2018-01-01,4.0,34412.25
2018-01-02,3.1,34566.25
2018-01-03,4.0,34656.5
2018-01-04,3.7,32383.25
2018-01-05,6.8,31082.5
2018-01-06,6.8,31262.0
2018-01-07,3.5,33522.75
2018-01-08,2.7,33109.75
2018-01-09,5.6,33885.25
2018-01-10,3.8,34734.75
2018-01-11,1.1,33893.75
2018-01-12,2.1,32852.5
2018-01-13,-1.0,31383.25
2018-01-14,-1.3,32218.75
2018-01-15,-2.7,32272.0
2018-01-16,0.4,32238.5
2018-01-17,-0.1,32630.75
2018-01-18,3.2,33328.0
2018-01-19,-0.1,33153.0
2018-01-20,-0.9,32854.25
2018-01-21,-2.3,34585.5
2018-01-22,-2.4,33811.5
2018-01-23,2.3,32650.5
2018-01-24,3.7,32639.25
2018-01-25,1.2,36064.5
2018-01-26,-0.3,33450.5
2018-01-27,1.5,30123.75
2018-01-28,5.5,31367.25
2018-01-29,6.6,33296.0
2018-01-30,2.5,33972.0
2018-01-31,4.7,30485.5
2018-02-01,2.1,32553.0
2018-02-02,0.7,33442.25
2018-02-03,0.3,31034.5
2018-02-04,-0.5,31744.0
2018-02-05,-3.2,28264.0
2018-02-06,-3.4,27522.0
2018-02-07,-1.9,29193.5
2018-02-08,-3.7,29657.5
2018-02-09,-2.8,29126.25
2018-02-10,-1.0,27923.75
2018-02-11,1.0,29800.5
2018-02-12,-0.4,29819.0
2018-02-13,-2.8,31716.0
2018-02-14,-3.3,31323.0
2018-02-15,-2.5,32034.25
2018-02-16,0.4,31142.75
2018-02-17,-1.8,29148.75
2018-02-18,-1.2,30858.25
2018-02-19,-2.9,31178.75
2018-02-20,-2.4,33492.5
2018-02-21,-3.5,32469.25
2018-02-22,-3.5,32415.75
2018-02-23,-5.4,29806.5
2018-02-24,-7.6,29796.0
2018-02-25,-10.5,30518.25
2018-02-26,-11.5,30990.5
2018-02-27,-12.7,30267.75
2018-02-28,-13.2,28650.0
2018-03-01,-9.5,27673.5
2018-03-02,-7.2,30007.0
2018-03-03,-4.7,30231.25
2018-03-04,-3.6,30955.0
2018-03-05,-2.5,28732.5
2018-03-06,-1.1,29960.25
2018-03-07,3.6,32939.75
2018-03-08,3.3,32630.5
2018-03-09,3.5,32520.25
2018-03-10,7.8,30612.75
2018-03-11,7.8,31383.5
2018-03-12,7.6,27965.0
2018-03-13,7.4,31415.0
2018-03-14,2.1,29598.25
2018-03-15,4.2,29537.25
2018-03-16,5.0,27920.25
2018-03-17,-5.0,26496.0
2018-03-18,-6.5,28027.25
2018-03-19,-6.9,28882.25
2018-03-20,-1.7,28125.25
2018-03-21,-1.9,27910.5
2018-03-22,-1.0,29849.25
2018-03-23,1.6,30228.5
2018-03-24,1.1,28442.5
2018-03-25,1.2,29199.75
2018-03-26,2.3,30174.75
2018-03-27,3.1,30568.75
2018-03-28,5.0,29646.75
2018-03-29,4.8,28905.0
2018-03-30,5.3,30474.5
2018-03-31,5.9,30820.75
2018-04-01,4.9,30519.25
2018-04-02,5.3,31241.25
2018-04-03,11.4,30506.5
2018-04-04,12.0,30480.75
2018-04-05,8.9,30555.5
2018-04-06,5.5,29842.5
2018-04-07,9.9,30766.0
2018-04-08,8.2,30545.75
2018-04-09,13.7,29800.25
2018-04-10,12.8,31208.25
2018-04-11,13.4,31391.5
2018-04-12,15.6,31221.5
2018-04-13,12.1,27931.75
2018-04-14,12.9,27711.75
2018-04-15,14.8,29781.75
2018-04-16,11.3,35280.75
2018-04-17,12.6,31103.25
2018-04-18,13.4,33114.75
2018-04-19,15.2,29280.0
2018-04-20,17.0,28577.75
2018-04-21,17.9,29735.25
2018-04-22,18.7,30346.75
2018-04-23,15.9,31011.5
2018-04-24,14.8,31212.25
2018-04-25,14.9,32310.0
2018-04-26,9.8,30131.25
2018-04-27,11.4,29957.0
2018-04-28,16.6,27975.25
2018-04-29,19.1,25392.0
2018-04-30,14.2,23592.5
2018-05-01,11.9,26701.75
2018-05-02,15.9,28171.5
2018-05-03,15.0,28375.25
2018-05-04,13.9,27667.5
2018-05-05,14.2,26436.75
2018-05-06,13.7,21741.25
2018-05-07,16.1,25882.0
2018-05-08,15.5,27780.5
2018-05-09,15.9,28206.5
2018-05-10,16.1,28438.5
2018-05-11,15.3,28645.75
2018-05-12,17.3,28049.0
2018-05-13,18.2,29108.75
2018-05-14,15.9,28532.5
2018-05-15,12.5,28297.75
2018-05-16,10.7,28523.5
2018-05-17,12.3,29525.25
2018-05-18,13.6,28249.75
2018-05-19,12.3,26977.25
2018-05-20,14.7,26478.25
2018-05-21,16.0,27927.5
2018-05-22,17.3,28293.25
2018-05-23,17.6,28690.0
2018-05-24,14.6,28739.5
2018-05-25,14.9,24807.0
2018-05-26,18.4,28774.5
2018-05-27,20.6,29360.25
2018-05-28,21.2,28743.25
2018-05-29,22.0,24870.5
2018-05-30,20.5,24782.0
2018-05-31,21.3,23898.5
2018-06-01,19.1,25285.25
2018-06-02,19.5,24591.0
2018-06-03,19.1,23273.5
2018-06-04,20.8,27829.25
2018-06-05,19.4,28018.25
2018-06-06,19.9,28821.25
2018-06-07,19.7,22409.0
2018-06-08,20.4,23533.25
2018-06-09,20.5,23160.0
2018-06-10,20.8,25360.75
2018-06-11,20.5,25888.75
2018-06-12,17.8,24191.5
2018-06-13,12.5,24417.25
2018-06-14,12.5,24167.0
2018-06-15,16.6,20897.75
2018-06-16,18.6,17402.25
2018-06-17,18.8,20932.25
2018-06-18,17.4,20890.5
2018-06-19,19.6,21581.75
2018-06-20,20.8,19363.5
2018-06-21,19.5,19071.0
2018-06-22,9.7,18268.0
2018-06-23,10.7,18831.25
2018-06-24,11.7,20772.5
2018-06-25,14.8,20765.5
2018-06-26,16.7,21606.75
2018-06-27,15.7,19433.25
2018-06-28,15.2,19126.25
2018-06-29,20.5,19045.25
2018-06-30,14.9,18615.5
2018-07-01,13.4,20908.75
2018-07-02,16.0,24831.5
2018-07-03,18.8,24985.5
2018-07-04,22.0,19583.25
2018-07-05,21.6,16172.25
2018-07-06,17.7,22632.25
2018-07-07,19.1,22879.75
2018-07-08,19.3,25529.5
2018-07-09,18.7,24702.0
2018-07-10,15.3,24635.75
2018-07-11,13.6,24442.25
2018-07-12,15.8,24478.0
2018-07-13,19.8,21666.75
2018-07-14,20.5,14487.25
2018-07-15,19.9,23119.5
2018-07-16,15.9,16196.5
2018-07-17,20.8,26610.5
2018-07-18,21.5,25094.5
2018-07-19,20.6,26508.0
2018-07-20,22.3,27998.0
2018-07-21,20.7,20957.75
2018-07-22,19.1,29309.75
2018-07-23,19.7,30986.0
2018-07-24,22.0,34821.25
2018-07-25,20.5,37736.75
2018-07-26,22.9,35860.5
2018-07-27,21.6,38037.75
2018-07-28,22.1,37035.25
2018-07-29,24.7,35714.25
2018-07-30,25.2,29583.5
2018-07-31,25.7,27383.5
2018-08-01,26.6,27636.5
2018-08-02,25.5,27103.0
2018-08-03,25.3,34260.5
2018-08-04,22.8,35215.5
2018-08-05,22.5,36517.75
2018-08-06,21.7,34700.25
2018-08-07,25.7,34409.5
2018-08-08,23.6,35499.75
2018-08-09,26.4,36031.0
2018-08-10,16.6,30993.25
2018-08-11,17.9,30798.0
2018-08-12,19.1,32157.75
2018-08-13,22.8,31067.75
2018-08-14,19.1,33783.75
2018-08-15,19.6,36592.75
2018-08-16,20.9,36005.25
2018-08-17,22.4,34976.5
2018-08-18,23.2,33523.25
2018-08-19,25.0,37716.25
2018-08-20,24.3,38188.5
2018-08-21,21.6,35979.5
2018-08-22,22.9,28408.75
2018-08-23,22.2,36542.0
2018-08-24,19.4,36255.75
2018-08-25,14.8,37599.75
2018-08-26,13.4,41430.25
2018-08-27,17.6,39533.0
2018-08-28,18.2,39207.75
2018-08-29,20.3,39678.0
2018-08-30,15.9,40183.0
2018-08-31,13.4,37961.75
2018-09-01,12.5,38316.75
2018-09-02,14.9,40311.25
2018-09-03,16.5,34646.25
2018-09-04,18.2,41906.25
2018-09-05,16.9,41931.25
2018-09-06,16.7,40318.5
2018-09-07,15.6,37068.0
2018-09-08,14.7,36398.25
2018-09-09,16.0,36886.75
2018-09-10,18.5,39242.75
2018-09-11,19.3,38321.75
2018-09-12,20.5,39113.25
2018-09-13,16.7,38835.25
2018-09-14,14.5,35496.75
2018-09-15,14.4,36111.0
2018-09-16,14.4,39722.5
2018-09-17,17.1,39986.25
2018-09-18,19.7,40991.0
2018-09-19,19.6,41189.5
2018-09-20,18.9,41372.75
2018-09-21,17.8,33336.0
2018-09-22,12.4,32654.75
2018-09-23,12.4,32720.75
2018-09-24,6.9,35641.5
2018-09-25,4.7,41087.75
2018-09-26,7.9,39731.75
2018-09-27,12.7,41239.0
2018-09-28,12.1,40906.25
2018-09-29,7.2,42204.0
2018-09-30,7.1,42824.25
2018-10-01,7.1,39718.25
2018-10-02,7.3,38131.0
2018-10-03,9.7,42854.75
2018-10-04,8.0,43387.75
2018-10-05,10.4,42012.0
2018-10-06,12.0,42725.75
2018-10-07,12.9,44686.25
2018-10-08,9.2,44247.75
2018-10-09,11.5,42178.5
2018-10-10,14.7,42262.0
2018-10-11,15.2,41777.25
2018-10-12,13.4,35894.0
2018-10-13,13.8,33515.75
2018-10-14,14.0,34792.75
2018-10-15,12.6,34223.25
2018-10-16,10.4,41387.0
2018-10-17,11.2,40583.0
2018-10-18,10.6,41215.75
2018-10-19,9.6,39704.75
2018-10-20,9.9,39794.5
2018-10-21,6.4,35495.75
2018-10-22,7.7,39859.5
2018-10-23,7.4,39585.0
2018-10-24,8.3,35109.0
2018-10-25,10.7,35123.75
2018-10-26,8.5,32698.0
2018-10-27,5.4,33181.5
2018-10-28,2.6,41776.5
2018-10-29,8.0,38720.5
2018-10-30,10.7,39629.5
2018-10-31,5.6,41580.25
2018-11-01,7.9,41201.0
2018-11-02,7.5,41586.25
2018-11-03,7.9,41698.0
2018-11-04,9.9,42567.75
2018-11-05,10.5,41709.0
2018-11-06,10.7,42360.25
2018-11-07,9.3,43524.0
2018-11-08,9.0,42834.0
2018-11-09,8.0,41511.75
2018-11-10,7.1,42200.75
2018-11-11,7.3,37024.75
2018-11-12,6.4,40879.0
2018-11-13,7.7,40955.0
2018-11-14,4.8,42886.75
2018-11-15,2.6,42855.0
2018-11-16,1.4,41934.75
2018-11-17,0.2,41403.5
2018-11-18,-0.7,42229.5
2018-11-19,-1.2,41646.5
2018-11-20,0.2,39846.5
2018-11-21,1.8,43939.5
2018-11-22,2.1,44193.25
2018-11-23,2.1,42831.75
2018-11-24,2.8,45398.75
2018-11-25,1.1,44860.0
2018-11-26,2.0,46386.75
2018-11-27,-1.8,42332.75
2018-11-28,-3.3,41885.75
2018-11-29,-4.2,41492.25
2018-11-30,-3.3,44278.5
2018-12-01,-0.1,42929.5
2018-12-02,0.5,42011.25
2018-12-03,8.0,40712.25
2018-12-04,3.6,41652.5
2018-12-05,-0.9,43186.25
2018-12-06,0.8,42805.75
2018-12-07,8.7,40607.0
2018-12-08,4.9,39708.0
2018-12-09,5.3,42474.5
2018-12-10,1.1,43526.25
2018-12-11,0.0,44123.25
2018-12-12,-1.4,44665.5
2018-12-13,-3.2,43925.5
2018-12-14,-3.3,42704.25
2018-12-15,-3.4,42862.0
2018-12-16,-4.1,44426.5
2018-12-17,0.1,43293.75
2018-12-18,0.3,43740.5
2018-12-19,-1.3,44476.0
2018-12-20,0.6,43997.25
2018-12-21,5.5,42699.75
2018-12-22,7.3,43365.0
2018-12-23,4.4,43014.25
2018-12-24,0.9,40666.25
2018-12-25,0.6,42016.75
2018-12-26,0.5,42054.5
2018-12-27,3.0,41883.0
2018-12-28,2.0,42687.5
2018-12-29,0.5,41653.5
2018-12-30,3.1,41670.0
2018-12-31,3.3,39042.0
2019-01-01,3.5,39226.75
2019-01-02,-2.0,40233.0
2019-01-03,-3.7,40789.75
2019-01-04,-2.2,40477.25
2019-01-05,1.4,41381.25
2019-01-06,-0.2,39138.25
2019-01-07,1.9,39777.5
2019-01-08,1.9,40186.25
2019-01-09,-1.0,44576.5
2019-01-10,-2.6,42841.0
2019-01-11,-3.8,41405.25
2019-01-12,1.2,37633.25
2019-01-13,3.2,38574.5
2019-01-14,0.0,38843.25
2019-01-15,1.2,38422.5
2019-01-16,1.4,37965.5
2019-01-17,4.4,36459.5
2019-01-18,-2.3,37072.5
2019-01-19,-5.6,36058.75
2019-01-20,-3.2,36712.5
2019-01-21,-4.5,39319.75
2019-01-22,-6.5,40960.0
2019-01-23,-5.8,45397.25
2019-01-24,-4.6,40243.75
2019-01-25,-4.9,38716.0
2019-01-26,0.7,38471.25
2019-01-27,2.1,39435.25
2019-01-28,1.1,39453.5
2019-01-29,-2.3,32994.75
2019-01-30,-3.0,40812.0
2019-01-31,-2.6,40795.75
2019-02-01,-0.4,42270.75
2019-02-02,1.6,42232.0
2019-02-03,-1.1,41865.75
2019-02-04,-4.8,38999.25
2019-02-05,-5.5,38715.5
2019-02-06,-4.8,40304.75
2019-02-07,-3.8,39653.5
2019-02-08,1.4,37236.5
2019-02-09,4.0,36991.75
2019-02-10,4.4,38726.25
2019-02-11,1.3,41695.0
2019-02-12,0.4,46241.25
2019-02-13,2.8,47178.75
2019-02-14,4.0,47279.0
2019-02-15,4.5,47847.25
2019-02-16,3.4,47773.0
2019-02-17,4.3,47442.75
2019-02-18,2.6,47790.5
2019-02-19,5.3,46801.75
2019-02-20,3.8,47505.5
2019-02-21,5.3,46938.0
2019-02-22,1.8,45952.25
2019-02-23,-3.1,45187.75
2019-02-24,-0.1,42351.75
2019-02-25,6.6,37545.25
2019-02-26,8.7,37537.25
2019-02-27,8.3,46268.25
2019-02-28,9.7,46261.75
2019-03-01,6.7,45984.0
2019-03-02,4.0,41825.75
2019-03-03,7.7,43124.5
2019-03-04,8.1,43538.25
2019-03-05,3.8,44807.0
2019-03-06,5.4,43415.5
2019-03-07,5.9,43407.5
2019-03-08,6.0,41403.5
2019-03-09,7.6,43113.25
2019-03-10,8.1,36172.75
2019-03-11,2.0,36757.0
2019-03-12,2.2,36430.75
2019-03-13,4.9,28043.25
2019-03-14,3.8,35224.5
2019-03-15,6.7,30110.25
2019-03-16,6.8,29175.5
2019-03-17,6.7,35052.25
2019-03-18,3.0,34567.0
2019-03-19,2.0,34943.25
2019-03-20,2.8,34439.75
2019-03-21,5.1,34871.0
2019-03-22,8.3,36579.25
2019-03-23,9.9,36172.5
2019-03-24,6.9,36819.25
2019-03-25,3.1,37215.5
2019-03-26,3.7,34682.5
2019-03-27,4.4,34945.25
2019-03-28,6.5,35011.25
2019-03-29,6.6,35068.0
2019-03-30,7.7,30276.0
2019-03-31,9.5,32855.5
2019-04-01,6.7,32109.75
2019-04-02,9.2,32666.5
2019-04-03,10.8,32305.75
2019-04-04,12.5,32463.5
2019-04-05,10.3,27254.0
2019-04-06,9.2,27483.25
2019-04-07,8.6,28117.0
2019-04-08,9.9,36841.0
2019-04-09,9.3,37247.5
2019-04-10,5.8,38147.75
2019-04-11,3.0,39086.0
2019-04-12,1.5,39441.0
2019-04-13,2.6,38810.0
2019-04-14,3.1,38685.0
2019-04-15,7.3,38116.0
2019-04-16,8.1,38170.0
2019-04-17,9.9,38103.5
2019-04-18,11.7,36331.75
2019-04-19,13.6,34286.75
2019-04-20,13.8,33058.0
2019-04-21,12.4,31238.75
2019-04-22,12.8,34203.5
2019-04-23,10.2,26493.25
2019-04-24,15.1,26841.0
2019-04-25,17.2,30999.0
2019-04-26,12.1,37033.25
2019-04-27,8.2,36939.25
2019-04-28,6.8,37352.25
2019-04-29,5.9,36589.5
2019-04-30,10.0,35317.75
2019-05-01,9.7,36949.75
2019-05-02,13.0,38799.25
2019-05-03,8.4,38143.0
2019-05-04,4.7,37122.0
2019-05-05,4.2,37481.0
2019-05-06,5.7,37279.25
2019-05-07,7.5,36931.5
2019-05-08,11.9,30571.25
2019-05-09,10.4,38674.5
2019-05-10,11.5,38248.75
2019-05-11,10.1,37256.75
2019-05-12,7.4,38210.0
2019-05-13,8.5,36966.25
2019-05-14,5.8,31439.0
2019-05-15,4.7,38680.75
2019-05-16,6.4,37087.75
2019-05-17,10.0,34075.0
2019-05-18,13.0,33121.0
2019-05-19,15.1,28119.25
2019-05-20,12.6,35539.5
2019-05-21,12.2,35719.75
2019-05-22,12.4,36306.25
2019-05-23,12.6,35607.25
2019-05-24,15.2,34043.25
2019-05-25,15.3,31719.5
2019-05-26,16.6,33460.25
2019-05-27,16.1,35465.25
2019-05-28,12.1,29021.5
2019-05-29,9.9,35034.0
2019-05-30,13.4,26682.0
2019-05-31,15.6,33258.25
2019-06-01,18.7,32211.75
2019-06-02,20.8,30502.0
2019-06-03,21.9,31246.0
2019-06-04,21.8,30943.25
2019-06-05,22.0,31275.0
2019-06-06,18.1,32339.0
2019-06-07,18.1,25662.0
2019-06-08,16.3,26719.0
2019-06-09,18.7,26658.5
2019-06-10,22.5,20389.25
2019-06-11,22.3,28819.25
2019-06-12,22.5,20215.75
2019-06-13,20.0,20538.0
2019-06-14,24.1,28495.5
2019-06-15,21.9,20925.0
2019-06-16,16.5,28409.0
2019-06-17,19.0,29072.0
2019-06-18,21.1,29380.0
2019-06-19,21.1,29707.5
2019-06-20,19.5,29479.0
2019-06-21,19.7,29569.75
2019-06-22,17.3,29630.5
2019-06-23,18.1,29973.5
2019-06-24,20.8,30928.75
2019-06-25,24.5,30885.0
2019-06-26,27.5,32130.0
2019-06-27,22.7,32743.0
2019-06-28,18.8,30068.25
2019-06-29,22.0,29407.0
2019-06-30,26.7,29589.0
2019-07-01,24.4,28418.0
2019-07-02,19.4,28002.5
2019-07-03,17.5,28047.0
2019-07-04,18.4,29062.75
2019-07-05,19.1,29500.25
2019-07-06,23.5,29796.25
2019-07-07,15.0,24097.75
2019-07-08,14.8,24375.25
2019-07-09,13.9,29839.25
2019-07-10,16.1,29657.5
2019-07-11,17.3,31763.5
2019-07-12,15.1,30512.0
2019-07-13,14.6,22469.75
2019-07-14,15.0,31522.5
2019-07-15,16.0,31132.75
2019-07-16,17.6,20116.25
2019-07-17,17.7,28014.25
2019-07-18,20.3,31873.25
2019-07-19,18.4,30692.0
2019-07-20,24.0,30627.25
2019-07-21,19.7,24868.25
2019-07-22,21.6,23687.5
2019-07-23,24.4,24141.75
2019-07-24,25.6,31287.25
2019-07-25,26.2,30342.0
2019-07-26,25.9,30832.5
2019-07-27,20.1,30078.75
2019-07-28,21.0,30800.75
2019-07-29,20.5,31100.25
2019-07-30,22.1,30351.0
2019-07-31,18.8,31973.0
2019-08-01,19.8,36480.0
2019-08-02,19.9,33000.25
2019-08-03,16.3,31424.0
2019-08-04,18.6,40145.25
2019-08-05,20.5,39399.75
2019-08-06,20.2,36520.5
2019-08-07,18.1,25760.0
2019-08-08,19.7,40082.0
2019-08-09,22.9,37176.0
2019-08-10,17.7,40089.5
2019-08-11,21.2,40947.0
2019-08-12,15.9,39156.0
2019-08-13,16.2,39348.75
2019-08-14,15.4,38960.75
2019-08-15,16.2,40225.5
2019-08-16,15.7,38198.0
2019-08-17,17.6,35977.5
2019-08-18,22.9,36646.0
2019-08-19,18.6,33746.75
2019-08-20,16.7,34030.0
2019-08-21,15.1,33024.25
2019-08-22,16.2,33314.5
2019-08-23,19.1,31739.0
2019-08-24,21.7,32470.5
2019-08-25,21.0,33846.25
2019-08-26,22.1,36144.25
2019-08-27,21.1,36274.5
2019-08-28,21.4,37449.0
2019-08-29,21.0,37852.25
2019-08-30,21.2,33097.5
2019-08-31,23.8,33373.5
2019-09-01,19.9,34090.25
2019-09-02,14.1,36912.0
2019-09-03,14.9,36016.5
2019-09-04,17.5,35369.5
2019-09-05,15.7,28406.5
2019-09-06,13.3,34505.25
2019-09-07,10.9,34879.0
2019-09-08,12.2,35136.0
2019-09-09,10.6,31277.25
2019-09-10,12.8,32358.75
2019-09-11,14.6,34107.75
2019-09-12,16.1,35533.5
2019-09-13,16.8,35148.0
2019-09-14,14.6,34147.25
2019-09-15,16.9,34941.5
2019-09-16,17.2,31161.25
2019-09-17,13.6,33912.5
2019-09-18,9.0,34928.5
2019-09-19,7.6,36488.5
2019-09-20,8.7,35863.0
2019-09-21,12.5,35933.0
2019-09-22,13.3,35996.5
2019-09-23,13.9,38563.75
2019-09-24,13.5,38486.5
2019-09-25,11.5,38490.75
2019-09-26,14.2,38685.25
2019-09-27,14.2,34344.25
2019-09-28,13.1,34011.25
2019-09-29,15.3,35724.75
2019-09-30,12.9,37833.5
2019-10-01,14.6,37573.5
2019-10-02,10.1,39155.0
2019-10-03,7.0,38469.0
2019-10-04,7.3,36935.75
2019-10-05,7.6,36893.25
2019-10-06,6.5,36735.0
2019-10-07,4.4,39385.5
2019-10-08,8.8,39649.25
2019-10-09,10.4,40141.5
2019-10-10,8.8,40479.0
2019-10-11,10.1,38504.5
2019-10-12,13.6,37730.75
2019-10-13,14.5,37795.5
2019-10-14,13.1,39173.5
2019-10-15,11.2,38171.25
2019-10-16,9.7,36403.5
2019-10-17,10.5,37237.0
2019-10-18,12.4,36508.25
2019-10-19,10.3,36077.5
2019-10-20,9.5,35601.5
2019-10-21,12.5,36345.75
2019-10-22,11.7,37358.0
2019-10-23,12.1,37564.75
2019-10-24,9.7,35718.5
2019-10-25,11.5,34385.0
2019-10-26,9.8,29478.25
2019-10-27,13.8,38930.75
2019-10-28,5.5,40579.75
2019-10-29,4.4,42878.0
2019-10-30,2.4,43557.0
2019-10-31,1.6,43273.5
2019-11-01,4.2,41619.0
2019-11-02,8.0,40865.75
2019-11-03,7.1,36927.25
2019-11-04,9.6,44119.75
2019-11-05,7.5,41774.75
2019-11-06,6.6,41493.5
2019-11-07,5.0,40806.0
2019-11-08,6.2,39841.25
2019-11-09,2.9,40751.0
2019-11-10,-0.3,40833.0
2019-11-11,-0.6,38883.75
2019-11-12,0.9,38879.75
2019-11-13,0.7,38864.5
2019-11-14,1.4,38050.5
2019-11-15,6.9,38745.25
2019-11-16,5.5,36745.75
2019-11-17,9.7,36721.0
2019-11-18,4.0,40737.75
2019-11-19,3.0,34598.0
2019-11-20,4.6,33206.25
2019-11-21,6.0,36441.5
2019-11-22,6.1,36760.0
2019-11-23,5.8,35415.0
2019-11-24,3.4,39323.5
2019-11-25,3.4,39260.75
2019-11-26,2.4,38658.0
2019-11-27,3.1,34837.75
2019-11-28,7.5,37471.5
2019-11-29,4.1,38771.0
2019-11-30,0.3,37531.5
2019-12-01,-1.2,37888.25
2019-12-02,0.7,42556.5
2019-12-03,0.2,42583.5
2019-12-04,-1.5,40971.0
2019-12-05,-3.0,39432.5
2019-12-06,-2.9,39690.75
2019-12-07,5.3,32801.0
2019-12-08,6.9,40332.0
2019-12-09,5.0,40118.5
2019-12-10,1.0,42682.0
2019-12-11,-2.4,42850.25
2019-12-12,-1.5,43010.0
2019-12-13,0.5,39711.5
2019-12-14,5.3,38741.5
2019-12-15,7.1,40648.25
2019-12-16,3.6,40847.5
2019-12-17,0.2,40443.5
2019-12-18,8.1,42713.0
2019-12-19,4.5,43035.5
2019-12-20,5.8,41167.5
2019-12-21,4.4,41655.5
2019-12-22,2.1,41221.75
2019-12-23,4.5,41617.0
2019-12-24,4.7,41953.0
2019-12-25,4.1,42163.25
2019-12-26,2.3,43325.0
2019-12-27,0.9,42883.25
2019-12-28,-1.2,41948.25
2019-12-29,-3.0,40850.25
2019-12-30,-0.2,40945.75
2019-12-31,2.2,41758.5
2020-01-01,-1.2,41508.0
2020-01-02,-1.5,40367.25
2020-01-03,2.5,39389.5
2020-01-04,2.5,40175.0
2020-01-05,-0.6,39525.5
2020-01-06,-2.0,39361.5
2020-01-07,0.7,39461.0
2020-01-08,2.0,40918.25
2020-01-09,3.5,40207.25
2020-01-10,5.2,42015.25
2020-01-11,0.7,41072.25
2020-01-12,-0.4,41646.25
2020-01-13,1.6,38323.0
2020-01-14,0.0,39382.25
2020-01-15,-2.2,40864.25
2020-01-16,1.6,41969.0
2020-01-17,-0.3,42044.0
2020-01-18,1.3,41910.75
2020-01-19,0.8,41744.25
2020-01-20,0.7,41547.0
2020-01-21,-3.3,33447.5
2020-01-22,-0.6,34157.75
2020-01-23,-0.4,36954.5
2020-01-24,-1.9,40692.75
2020-01-25,-2.2,41081.25
2020-01-26,-1.5,42049.25
2020-01-27,1.5,41698.5
2020-01-28,3.0,40136.5
2020-01-29,0.7,39514.5
2020-01-30,3.2,39982.25
2020-01-31,10.3,37580.75
2020-02-01,10.3,39780.0
2020-02-02,8.8,40645.25
2020-02-03,6.5,32988.5
2020-02-04,1.7,40197.25
2020-02-05,-0.7,41101.25
2020-02-06,-0.1,40775.25
2020-02-07,2.0,33046.75
2020-02-08,0.7,28223.75
2020-02-09,5.2,30542.0
2020-02-10,8.1,31055.75
2020-02-11,0.7,31470.5
2020-02-12,1.0,40075.25
2020-02-13,1.9,32737.0
2020-02-14,4.0,38133.25
2020-02-15,3.3,35830.75
2020-02-16,6.1,29690.75
2020-02-17,8.8,36664.25
2020-02-18,4.2,31273.0
2020-02-19,2.4,32838.25
2020-02-20,2.8,31371.25
2020-02-21,1.8,28846.5
2020-02-22,9.1,29612.0
2020-02-23,9.8,32328.25
2020-02-24,3.9,31953.25
2020-02-25,6.5,32951.0
2020-02-26,2.1,33602.0
2020-02-27,0.8,39341.25
2020-02-28,-0.4,35934.25
2020-02-29,2.8,36174.0
2020-03-01,6.0,38899.25
2020-03-02,6.4,39183.0
2020-03-03,2.7,34031.25
2020-03-04,1.9,33588.5
2020-03-05,4.1,40647.25
2020-03-06,4.3,41209.0
2020-03-07,2.4,38008.5
2020-03-08,3.6,40647.5
2020-03-09,3.7,38964.0
2020-03-10,4.0,36882.0
2020-03-11,10.9,35803.25
2020-03-12,9.8,36614.25
2020-03-13,5.3,27810.25
2020-03-14,1.7,32865.25
2020-03-15,3.0,37527.0
2020-03-16,5.5,37898.5
2020-03-17,8.3,37687.0
2020-03-18,8.3,32544.25
2020-03-19,9.7,37926.75
2020-03-20,9.0,35830.0
2020-03-21,0.7,35631.25
2020-03-22,-2.5,38337.0
2020-03-23,-2.1,36206.25
2020-03-24,-0.7,36224.75
2020-03-25,-0.6,35962.25
2020-03-26,2.7,30954.25
2020-03-27,8.2,36049.25
2020-03-28,8.2,33486.5
2020-03-29,2.5,37280.0
2020-03-30,-0.6,35533.5
2020-03-31,-1.5,29987.0
2020-04-01,1.5,29188.5
2020-04-02,4.8,34202.5
2020-04-03,5.5,37285.25
2020-04-04,6.2,27655.0
2020-04-05,8.0,35969.5
2020-04-06,12.3,38210.5
2020-04-07,12.5,37598.0
2020-04-08,11.2,37679.0
2020-04-09,13.8,35039.25
2020-04-10,11.8,35132.75
2020-04-11,11.0,35070.5
2020-04-12,13.1,32262.0
2020-04-13,7.9,35772.5
2020-04-14,2.4,35401.25
2020-04-15,7.9,36759.25
2020-04-16,13.8,34704.25
2020-04-17,14.8,35079.75
2020-04-18,13.9,34809.25
2020-04-19,8.2,34387.25
2020-04-20,7.5,33466.0
2020-04-21,9.1,34640.75
2020-04-22,9.9,35241.5
2020-04-23,12.5,35351.25
2020-04-24,13.3,35375.75
2020-04-25,8.7,34702.75
2020-04-26,10.1,35285.5
2020-04-27,13.2,35284.25
2020-04-28,15.3,36527.0
2020-04-29,11.3,35828.5
2020-04-30,11.8,34173.75
2020-05-01,10.3,34425.0
2020-05-02,8.1,35449.0
2020-05-03,9.7,37887.0
2020-05-04,10.8,37604.0
2020-05-05,7.2,37352.25
2020-05-06,8.1,37760.25
2020-05-07,12.1,38286.25
2020-05-08,14.7,39906.75
2020-05-09,14.8,32623.5
2020-05-10,13.9,37688.0
2020-05-11,6.8,38542.5
2020-05-12,5.8,38841.0
2020-05-13,7.2,38860.25
2020-05-14,8.7,38673.0
2020-05-15,9.5,38127.5
2020-05-16,11.8,36568.25
2020-05-17,13.6,37567.5
2020-05-18,15.8,36044.5
2020-05-19,17.3,37009.5
2020-05-20,13.5,37010.25
2020-05-21,13.9,35851.0
2020-05-22,13.7,30273.5
2020-05-23,12.7,25056.75
2020-05-24,11.3,31154.5
2020-05-25,10.2,34236.75
2020-05-26,10.8,34136.75
2020-05-27,14.0,37220.25
2020-05-28,8.9,34830.0
2020-05-29,11.9,31757.75
2020-05-30,11.4,30566.5
2020-05-31,9.5,32150.25
2020-06-01,15.8,25071.5
2020-06-02,15.9,25240.25
2020-06-03,16.2,26852.0
2020-06-04,13.5,24632.0
2020-06-05,12.4,24092.25
2020-06-06,13.1,24760.25
2020-06-07,11.0,19396.75
2020-06-08,12.4,24370.75
2020-06-09,12.7,25398.25
2020-06-10,12.0,24638.0
2020-06-11,15.3,25262.25
2020-06-12,18.8,26793.5
2020-06-13,21.5,25415.25
2020-06-14,17.8,29540.0
2020-06-15,16.9,29992.5
2020-06-16,17.5,28336.5
2020-06-17,17.2,29548.0
2020-06-18,14.1,28612.75
2020-06-19,15.5,27148.25
2020-06-20,13.6,27205.0
2020-06-21,16.9,21651.25
2020-06-22,18.8,21096.0
2020-06-23,17.9,25941.5
2020-06-24,16.0,27383.25
2020-06-25,16.1,28815.75
2020-06-26,18.7,28233.25
2020-06-27,21.7,21185.5
2020-06-28,22.3,21160.0
2020-06-29,15.9,26607.5
2020-06-30,18.0,23297.5
2020-07-01,22.8,23967.25
2020-07-02,17.8,24939.0
2020-07-03,16.6,26224.5
2020-07-04,18.8,26087.75
2020-07-05,21.3,27388.0
2020-07-06,17.0,27432.0
2020-07-07,14.4,27686.5
2020-07-08,14.1,27852.75
2020-07-09,19.9,30915.5
2020-07-10,22.6,35006.0
2020-07-11,12.8,34686.5
2020-07-12,14.6,32408.75
2020-07-13,15.8,32886.25
2020-07-14,18.0,32465.0
2020-07-15,16.3,31424.25
2020-07-16,13.6,27081.75
2020-07-17,14.7,33233.0
2020-07-18,16.2,33949.0
2020-07-19,18.9,35644.25
2020-07-20,21.0,36213.25
2020-07-21,18.5,37737.0
2020-07-22,18.5,36552.0
2020-07-23,18.4,29438.75
2020-07-24,19.3,39580.5
2020-07-25,20.2,38838.5
2020-07-26,17.8,36572.0
2020-07-27,20.8,28862.5
2020-07-28,21.4,34851.25
2020-07-29,20.1,36341.25
2020-07-30,22.0,36142.75
2020-07-31,22.3,36697.0
2020-08-01,23.9,33665.75
2020-08-02,17.4,36650.5
2020-08-03,15.3,36372.5
2020-08-04,12.6,35446.75
2020-08-05,16.8,32834.75
2020-08-06,20.1,31990.75
2020-08-07,22.5,32184.5
2020-08-08,22.5,32479.75
2020-08-09,23.5,33481.5
2020-08-10,21.6,33631.0
2020-08-11,19.8,33707.25
2020-08-12,22.5,32982.75
2020-08-13,21.3,34723.75
2020-08-14,19.8,34124.75
2020-08-15,18.8,34494.25
2020-08-16,19.9,34064.5
2020-08-17,18.2,31812.0
2020-08-18,17.2,31494.0
2020-08-19,17.8,31676.0
2020-08-20,20.1,29721.5
2020-08-21,23.7,30386.5
2020-08-22,18.5,30744.75
2020-08-23,17.6,31289.75
2020-08-24,15.9,30928.75
2020-08-25,17.6,29682.5
2020-08-26,20.1,32923.75
2020-08-27,15.0,32730.75
2020-08-28,16.5,32630.25
2020-08-29,15.1,31247.0
2020-08-30,14.5,31826.25
2020-08-31,13.7,33764.5
2020-09-01,12.0,32163.0
2020-09-02,12.2,32048.0
2020-09-03,15.1,31856.5
2020-09-04,18.9,33273.0
2020-09-05,18.6,33136.25
2020-09-06,14.8,33149.0
2020-09-07,13.4,31890.0
2020-09-08,15.5,32643.0
2020-09-09,17.1,34249.75
2020-09-10,14.2,33812.0
2020-09-11,16.3,32099.75
2020-09-12,17.8,31553.0
2020-09-13,18.9,35918.25
2020-09-14,20.1,35781.0
2020-09-15,20.9,33922.5
2020-09-16,21.5,34981.25
2020-09-17,13.7,36058.5
2020-09-18,12.0,36746.25
2020-09-19,13.3,36345.0
2020-09-20,14.6,37497.75
2020-09-21,14.1,34465.0
2020-09-22,16.6,33445.0
2020-09-23,14.6,36655.0
2020-09-24,14.7,35659.25
2020-09-25,8.4,35605.25
2020-09-26,6.0,35364.75
2020-09-27,7.9,35956.5
2020-09-28,6.9,35881.25
2020-09-29,10.5,36139.0
2020-09-30,11.0,36461.5
2020-10-01,11.3,36944.75
2020-10-02,12.8,35930.0
2020-10-03,13.3,34042.25
2020-10-04,11.6,36356.25
2020-10-05,10.7,36628.25
2020-10-06,11.0,38162.25
2020-10-07,10.3,41327.0
2020-10-08,11.8,35002.25
2020-10-09,12.5,38080.5
2020-10-10,8.4,38218.0
2020-10-11,5.0,39426.25
2020-10-12,5.9,38167.5
2020-10-13,4.9,38029.0
2020-10-14,5.4,38301.0
2020-10-15,7.6,39224.0
2020-10-16,5.9,39646.0
2020-10-17,5.4,38216.0
2020-10-18,4.8,39068.0
2020-10-19,3.9,38935.75
2020-10-20,6.0,39082.75
2020-10-21,7.2,38768.75
2020-10-22,8.7,33434.5
2020-10-23,11.9,36213.25
2020-10-24,10.8,31240.0
2020-10-25,7.6,39055.0
2020-10-26,8.7,37606.5
2020-10-27,5.5,37423.75
2020-10-28,5.7,34139.75
2020-10-29,7.0,41200.75
2020-10-30,10.0,40380.75
2020-10-31,9.1,39321.25
2020-11-01,8.1,39148.75
2020-11-02,15.0,38337.25
2020-11-03,12.1,39378.75
2020-11-04,7.6,37636.0
2020-11-05,2.5,37568.25
2020-11-06,-1.0,36908.25
2020-11-07,0.8,35984.0
2020-11-08,0.0,38371.5
2020-11-09,2.5,37740.25
2020-11-10,2.5,38550.25
2020-11-11,2.8,36208.5
2020-11-12,5.6,36629.25
2020-11-13,5.8,35329.5
2020-11-14,8.1,33428.75
2020-11-15,3.8,35555.0
2020-11-16,6.9,36147.75
2020-11-17,7.9,36107.25
2020-11-18,6.1,33655.75
2020-11-19,4.8,36363.25
2020-11-20,1.5,35431.75
2020-11-21,-0.6,34934.5
2020-11-22,2.3,27625.0
2020-11-23,3.1,28097.0
2020-11-24,-1.2,36396.5
2020-11-25,-1.6,38863.75
2020-11-26,-2.3,37571.0
2020-11-27,-2.7,37736.75
2020-11-28,-2.1,37392.75
2020-11-29,-0.8,39663.25
2020-11-30,-2.7,32748.25
2020-12-01,-3.0,33044.25
2020-12-02,-3.2,35356.5
2020-12-03,-3.8,37895.75
2020-12-04,-1.0,37655.75
2020-12-05,4.5,37925.75
2020-12-06,6.6,37933.0
2020-12-07,5.0,38635.75
2020-12-08,2.4,40508.0
2020-12-09,1.7,40524.0
2020-12-10,1.2,39750.75
2020-12-11,0.3,39275.5
2020-12-12,0.8,39451.75
2020-12-13,2.9,38775.5
2020-12-14,2.7,37453.5
2020-12-15,0.8,37942.25
2020-12-16,1.3,38668.25
2020-12-17,0.6,37601.75
2020-12-18,1.8,38596.75
2020-12-19,-1.0,38083.75
2020-12-20,-0.8,37728.25
2020-12-21,0.5,35870.75
2020-12-22,8.4,38583.25
2020-12-23,10.2,36621.0
2020-12-24,4.6,35733.0
2020-12-25,-0.2,34589.25
2020-12-26,-2.0,31984.0
2020-12-27,-3.5,37967.0
2020-12-28,-1.5,38347.75
2020-12-29,0.0,38626.0
2020-12-30,-0.3,39028.25
2020-12-31,-1.2,39606.25
2021-01-01,-2.4,38556.5
2021-01-02,-2.4,39798.5
2021-01-03,0.2,39157.25
2021-01-04,0.4,39125.25
2021-01-05,0.4,39491.25
2021-01-06,-0.7,40289.25
2021-01-07,-1.0,39980.0
2021-01-08,-1.9,39988.25
2021-01-09,-2.4,38344.75
2021-01-10,-4.1,38881.25
2021-01-11,-4.6,38888.25
2021-01-12,-0.9,37331.75
2021-01-13,-1.1,37810.0
2021-01-14,-2.2,38291.75
2021-01-15,-3.0,38130.0
2021-01-16,-5.9,37301.25
2021-01-17,-5.7,38691.75
2021-01-18,-1.1,41901.0
2021-01-19,1.0,38699.25
2021-01-20,1.7,36159.75
2021-01-21,-0.5,37546.75
2021-01-22,4.2,37644.5
2021-01-23,0.2,38172.25
2021-01-24,-0.8,38751.0
2021-01-25,-2.3,37318.0
2021-01-26,-1.6,37223.0
2021-01-27,-2.2,36476.0
2021-01-28,1.3,37363.25
2021-01-29,3.6,37410.75
2021-01-30,-1.1,36669.75
2021-01-31,-4.8,36119.25
2021-02-01,-2.6,35104.5
2021-02-02,3.8,35925.25
2021-02-03,7.6,36132.5
2021-02-04,3.6,37207.25
2021-02-05,2.4,36430.25
2021-02-06,1.2,36146.5
2021-02-07,-3.3,38093.5
2021-02-08,-5.7,38997.0
2021-02-09,-5.3,38750.75
2021-02-10,-9.8,37713.75
2021-02-11,-8.7,38430.25
2021-02-12,-11.0,39443.0
2021-02-13,-8.9,39863.75
2021-02-14,-8.3,39691.75
2021-02-15,-7.2,34174.75
2021-02-16,1.3,34046.0
2021-02-17,4.5,35606.25
2021-02-18,5.0,35437.25
2021-02-19,4.9,33781.5
2021-02-20,3.1,33227.5
2021-02-21,1.1,35096.25
2021-02-22,2.8,35099.25
2021-02-23,9.1,34276.75
2021-02-24,8.4,34511.0
2021-02-25,9.7,35711.5
2021-02-26,5.7,37544.0
2021-02-27,1.2,37250.0
2021-02-28,2.3,37784.5
2021-03-01,2.1,37157.0
2021-03-02,1.7,36814.75
2021-03-03,5.0,37856.75
2021-03-04,7.3,37964.0
2021-03-05,-1.2,39002.25
2021-03-06,-2.1,37816.5
2021-03-07,-0.9,36525.25
2021-03-08,-1.0,38446.0
2021-03-09,-0.3,38368.5
2021-03-10,-0.2,37830.5
2021-03-11,6.1,35862.0
2021-03-12,3.4,34647.0
2021-03-13,5.0,34936.5
2021-03-14,1.9,37243.25
2021-03-15,2.3,38535.0
2021-03-16,1.6,37272.25
2021-03-17,0.8,37721.5
2021-03-18,-0.5,38956.75
2021-03-19,-1.0,38725.0
2021-03-20,-4.2,37079.75
2021-03-21,0.2,38176.75
2021-03-22,1.5,38609.75
2021-03-23,2.7,41849.5
2021-03-24,4.8,41274.0
2021-03-25,7.3,41313.25
2021-03-26,7.8,35435.75
2021-03-27,3.7,34636.25
2021-03-28,5.7,35829.0
2021-03-29,10.7,40131.0
2021-03-30,12.4,36878.25
2021-03-31,13.9,38581.25
2021-04-01,15.0,36462.5
2021-04-02,5.1,36002.75
2021-04-03,3.3,34106.5
2021-04-04,3.7,34617.25
2021-04-05,3.3,36182.5
2021-04-06,-1.5,33294.5
2021-04-07,-0.1,35380.25
2021-04-08,0.8,36591.5
2021-04-09,5.9,37854.75
2021-04-10,7.9,37192.75
2021-04-11,11.2,38525.75
2021-04-12,1.6,36641.25
2021-04-13,1.6,35690.25
2021-04-14,1.6,36641.0
2021-04-15,1.5,35501.75
2021-04-16,1.7,35578.5
2021-04-17,2.2,35658.25
2021-04-18,5.8,34976.75
2021-04-19,6.3,36660.75
2021-04-20,8.7,36673.25
2021-04-21,8.9,35997.5
2021-04-22,6.0,36094.75
2021-04-23,6.2,34513.75
2021-04-24,7.9,32993.75
2021-04-25,5.8,34499.0
2021-04-26,5.1,35269.25
2021-04-27,6.9,35119.25
2021-04-28,11.0,36818.0
2021-04-29,11.0,37487.25
2021-04-30,10.6,38176.25
2021-05-01,9.9,37542.25
2021-05-02,5.1,38125.5
2021-05-03,6.3,35287.5
2021-05-04,10.2,36780.5
2021-05-05,5.8,37469.5
2021-05-06,6.4,37585.5
2021-05-07,4.2,37520.25
2021-05-08,7.9,35173.25
2021-05-09,15.6,35775.0
2021-05-10,19.0,37326.0
2021-05-11,18.6,38212.25
2021-05-12,11.7,38691.75
2021-05-13,8.0,39066.5
2021-05-14,11.2,38499.0
2021-05-15,10.1,36664.0
2021-05-16,10.9,38955.25
2021-05-17,10.0,37271.25
2021-05-18,9.7,38613.25
2021-05-19,9.0,37265.25
2021-05-20,9.8,35161.5
2021-05-21,11.0,34255.25
2021-05-22,10.6,32795.0
2021-05-23,9.4,30666.25
2021-05-24,10.7,31688.5
2021-05-25,8.3,31162.5
2021-05-26,8.5,32981.25
2021-05-27,10.0,32763.75
2021-05-28,10.1,32386.5
2021-05-29,10.1,32874.75
2021-05-30,9.4,34599.25
2021-05-31,13.1,34491.0
2021-06-01,15.0,34960.75
2021-06-02,16.4,35089.0
2021-06-03,18.2,35277.5
2021-06-04,20.5,35068.0
2021-06-05,18.8,35184.5
2021-06-06,17.7,35512.75
2021-06-07,18.0,34079.5
2021-06-08,20.0,33882.0
2021-06-09,17.8,34048.5
2021-06-10,17.1,35743.0
2021-06-11,16.1,35949.5
2021-06-12,18.8,35645.0
2021-06-13,13.7,36109.5
2021-06-14,16.7,36579.75
2021-06-15,20.0,35815.25
2021-06-16,22.6,35892.75
2021-06-17,23.5,35859.5
2021-06-18,24.0,35635.75
2021-06-19,23.8,35338.25
2021-06-20,24.4,35176.5
2021-06-21,24.3,35265.0
2021-06-22,18.0,33926.0
2021-06-23,17.5,34144.75
2021-06-24,19.0,32107.75
2021-06-25,15.8,32663.75
2021-06-26,18.0,33017.0
2021-06-27,19.4,33019.5
2021-06-28,21.7,33885.5
2021-06-29,18.0,33520.5
2021-06-30,15.1,33408.75
2021-07-01,14.4,32375.75
2021-07-02,13.0,34370.5
2021-07-03,17.3,35360.5
2021-07-04,17.8,36346.25
2021-07-05,18.3,36620.75
2021-07-06,22.1,30835.5
2021-07-07,18.2,29318.5
2021-07-08,18.4,29009.25
2021-07-09,15.9,29345.75
2021-07-10,18.1,29259.0
2021-07-11,15.9,29032.75
2021-07-12,17.3,29413.25
2021-07-13,19.5,36206.0
2021-07-14,16.5,35085.5
2021-07-15,16.3,34737.25
2021-07-16,19.9,33792.25
2021-07-17,19.1,32884.25
2021-07-18,19.7,33722.75
2021-07-19,17.8,34659.25
2021-07-20,15.4,35379.0
2021-07-21,16.7,36637.5
2021-07-22,18.0,36887.75
2021-07-23,19.9,36464.75
2021-07-24,21.5,35693.5
2021-07-25,19.0,35929.5
2021-07-26,20.0,34821.25
2021-07-27,21.3,36516.75
2021-07-28,17.1,36634.25
2021-07-29,18.5,35639.75
2021-07-30,21.4,34597.25
2021-07-31,19.1,34545.75
2021-08-01,14.6,34222.0
2021-08-02,14.8,35137.5
2021-08-03,16.1,35334.25
2021-08-04,15.6,35684.25
2021-08-05,14.2,35690.25
2021-08-06,16.2,36106.25
2021-08-07,16.5,34443.75
2021-08-08,16.0,36016.25
2021-08-09,17.2,34454.75
2021-08-10,18.8,35092.25
2021-08-11,18.3,34767.5
2021-08-12,19.8,33837.75
2021-08-13,22.2,34659.25
2021-08-14,22.3,34938.5
2021-08-15,23.1,34944.75
2021-08-16,19.6,34656.5
2021-08-17,12.0,35073.5
2021-08-18,13.9,34557.0
2021-08-19,16.6,34864.5
2021-08-20,16.4,35257.0
2021-08-21,17.8,34736.25
2021-08-22,16.0,34779.75
2021-08-23,13.8,33757.5
2021-08-24,13.6,35726.25
2021-08-25,14.1,34231.5
2021-08-26,12.4,34576.5
2021-08-27,11.9,35135.75
2021-08-28,11.3,34535.25
2021-08-29,12.2,35097.5
2021-08-30,11.9,35679.5
2021-08-31,13.4,32660.5
2021-09-01,14.1,31877.0
2021-09-02,14.1,26203.5
2021-09-03,14.9,30421.75
2021-09-04,16.6,30651.0
2021-09-05,15.9,30823.0
2021-09-06,15.8,31197.5
2021-09-07,16.5,30476.0
2021-09-08,16.8,31539.75
2021-09-09,18.0,31464.0
2021-09-10,17.0,30904.75
2021-09-11,16.5,30748.25
2021-09-12,16.8,30905.75
2021-09-13,16.4,30896.75
2021-09-14,15.8,31135.25
2021-09-15,17.8,31164.0
2021-09-16,16.7,31233.75
2021-09-17,13.4,32007.0
2021-09-18,13.1,31380.25
2021-09-19,9.8,32663.0
2021-09-20,9.6,33162.25
2021-09-21,9.9,33841.75
2021-09-22,9.8,31616.25
2021-09-23,14.9,33223.5
2021-09-24,14.4,32861.5
2021-09-25,14.1,33205.25
2021-09-26,16.3,34714.75
2021-09-27,15.4,34371.25
2021-09-28,15.1,34300.75
2021-09-29,12.9,34563.25
2021-09-30,8.0,34329.0
2021-10-01,9.9,34414.5
2021-10-02,12.9,33667.75
2021-10-03,11.3,34127.0
2021-10-04,13.8,34105.25
2021-10-05,12.6,34373.5
2021-10-06,9.6,38355.25
2021-10-07,9.9,33070.75
2021-10-08,9.6,27323.75
2021-10-09,5.8,26659.0
2021-10-10,3.9,32210.25
2021-10-11,7.5,40372.25
2021-10-12,7.0,37452.5
2021-10-13,4.5,35909.5
2021-10-14,6.5,35583.0
2021-10-15,10.0,36175.0
2021-10-16,4.7,35446.5
2021-10-17,6.1,36089.25
2021-10-18,6.9,34679.25
2021-10-19,10.4,34462.5
2021-10-20,14.7,29554.75
2021-10-21,11.1,27036.75
2021-10-22,6.1,33591.25
2021-10-23,3.8,26198.0
2021-10-24,3.7,33609.0
2021-10-25,2.3,32350.75
2021-10-26,6.1,35484.25
2021-10-27,5.7,36508.5
2021-10-28,5.3,32649.25
2021-10-29,5.6,31603.5
2021-10-30,5.9,28554.0
2021-10-31,6.3,34676.75
2021-11-01,5.9,35657.75
2021-11-02,5.9,37135.25
2021-11-03,4.8,35813.75
2021-11-04,5.6,36344.0
2021-11-05,5.0,33408.25
2021-11-06,4.2,33497.75
2021-11-07,3.5,36175.75
2021-11-08,5.1,36891.0
2021-11-09,3.9,36265.25
2021-11-10,3.2,39308.25
2021-11-11,3.0,39216.5
2021-11-12,2.1,38578.25
2021-11-13,3.0,37651.5
2021-11-14,4.3,34111.5
2021-11-15,3.9,33480.5
2021-11-16,4.3,35769.0
2021-11-17,3.4,38659.25
2021-11-18,4.7,36003.0
2021-11-19,5.5,36766.75
2021-11-20,5.8,38093.25
2021-11-21,1.8,38879.75
2021-11-22,2.6,41519.0
2021-11-23,0.5,42525.75
2021-11-24,-0.2,42986.5
2021-11-25,-1.2,42275.25
2021-11-26,-0.5,37651.75
2021-11-27,0.1,38143.0
2021-11-28,-1.2,40980.75
2021-11-29,-1.1,37486.25
2021-11-30,0.8,35212.5
2021-12-01,6.3,38421.25
2021-12-02,2.0,36355.0
2021-12-03,-1.7,36732.75
2021-12-04,-0.4,38084.25
2021-12-05,0.6,40613.5
2021-12-06,-0.9,39303.5
2021-12-07,-0.7,38546.5
2021-12-08,-2.0,41197.75
2021-12-09,-0.9,40037.5
2021-12-10,-2.1,37939.25
2021-12-11,-1.4,36525.25
2021-12-12,0.6,40651.25
2021-12-13,2.9,39087.0
2021-12-14,2.9,35988.25
2021-12-15,3.5,38076.0
2021-12-16,4.4,39273.5
2021-12-17,2.1,37133.5
2021-12-18,1.2,35671.25
2021-12-19,2.2,42501.0
2021-12-20,-0.3,40824.25
2021-12-21,-2.5,40077.5
2021-12-22,-4.2,38174.0
2021-12-23,-2.8,35067.25
2021-12-24,5.9,35271.25
2021-12-25,-2.9,35175.75
2021-12-26,-6.0,36373.75
2021-12-27,-3.0,34899.0
2021-12-28,-1.0,36732.5
2021-12-29,5.0,35286.5
2021-12-30,10.3,34427.0
2021-12-31,10.8,34744.5
2022-01-01,8.7,34803.25
2022-01-02,6.2,33329.75
2022-01-03,6.9,35042.25
2022-01-04,6.4,33087.75
2022-01-05,1.1,35525.5
2022-01-06,-1.8,35284.0
2022-01-07,-2.8,34901.25
2022-01-08,-1.6,34122.75
2022-01-09,0.4,33503.25
2022-01-10,0.4,26781.0
2022-01-11,-2.9,26861.0
2022-01-12,-3.8,27248.25
2022-01-13,-0.2,31968.25
2022-01-14,2.3,36789.0
2022-01-15,-0.2,34276.5
2022-01-16,-1.9,33739.25
2022-01-17,1.0,35878.5
2022-01-18,0.4,33378.25
2022-01-19,1.3,32959.75
2022-01-20,-0.5,38507.75
2022-01-21,-3.3,35280.75
2022-01-22,1.4,35498.25
2022-01-23,1.7,36627.5
2022-01-24,1.5,37667.5
2022-01-25,-0.1,33818.25
2022-01-26,-1.5,30022.75
2022-01-27,-0.7,35149.25
2022-01-28,1.1,30914.25
2022-01-29,2.6,31412.0
2022-01-30,2.7,34057.75
2022-01-31,0.9,33365.0
2022-02-01,0.2,35497.5
2022-02-02,1.6,39204.5
2022-02-03,2.5,37413.5
2022-02-04,4.7,30800.5
2022-02-05,1.6,29940.25
2022-02-06,4.1,36214.25
2022-02-07,0.3,33522.25
2022-02-08,3.0,37576.0
2022-02-09,4.4,36003.5
2022-02-10,4.5,36022.5
2022-02-11,2.5,34623.5
2022-02-12,0.8,32794.75
2022-02-13,1.2,37701.25
2022-02-14,1.0,37446.5
2022-02-15,2.9,34231.75
2022-02-16,6.0,32842.25
2022-02-17,6.9,30761.25
2022-02-18,8.7,31989.5
2022-02-19,3.4,32297.75
2022-02-20,6.4,37314.0
2022-02-21,4.7,37239.0
2022-02-22,4.1,33633.25
2022-02-23,4.1,35055.25
2022-02-24,5.3,37035.75
2022-02-25,1.3,35917.5
2022-02-26,1.3,34233.25
2022-02-27,0.7,38454.0
2022-02-28,-2.3,37979.5
2022-03-01,-2.1,39019.5
2022-03-02,-1.2,39514.25
2022-03-03,0.0,38478.25
2022-03-04,-1.9,38870.75
2022-03-05,-0.6,39051.0
2022-03-06,-2.3,38092.25
2022-03-07,-1.7,38963.0
2022-03-08,0.5,39021.75
2022-03-09,2.3,36510.75
2022-03-10,1.1,36665.0
2022-03-11,-1.2,35859.5
2022-03-12,1.0,35501.75
2022-03-13,3.1,39129.25
2022-03-14,4.8,37244.0
2022-03-15,3.9,36601.5
2022-03-16,5.0,36606.75
2022-03-17,5.6,39454.75
2022-03-18,5.8,32514.25
2022-03-19,3.3,32898.5
2022-03-20,3.9,35679.25
2022-03-21,4.4,35991.5
2022-03-22,8.5,36303.5
2022-03-23,8.8,36232.75
2022-03-24,9.7,37134.0
2022-03-25,8.1,33232.25
2022-03-26,8.5,31403.5
2022-03-27,9.0,34632.0
2022-03-28,10.3,39859.25
2022-03-29,9.7,35518.0
2022-03-30,5.6,38542.25
2022-03-31,2.2,39574.0
2022-04-01,-0.2,34437.5
2022-04-02,-1.1,36277.5
2022-04-03,-1.2,33288.5
2022-04-04,1.5,38301.25
2022-04-05,5.3,27304.25
2022-04-06,8.9,28680.0
2022-04-07,9.8,29410.0
2022-04-08,4.8,27068.5
2022-04-09,2.0,32707.0
2022-04-10,2.8,35344.0
2022-04-11,5.1,34451.0
2022-04-12,9.3,38055.5
2022-04-13,12.7,35662.25
2022-04-14,14.3,35505.0
2022-04-15,9.9,34271.25
2022-04-16,4.4,33314.25
2022-04-17,5.5,33658.5
2022-04-18,5.7,35809.25
2022-04-19,4.5,34258.0
2022-04-20,4.2,34466.5
2022-04-21,6.4,34276.25
2022-04-22,7.0,33082.75
2022-04-23,8.8,32383.25
2022-04-24,8.9,32928.75
2022-04-25,6.4,31073.0
2022-04-26,7.2,31123.0
2022-04-27,8.6,30744.5
2022-04-28,9.6,30534.75
2022-04-29,11.4,30023.25
2022-04-30,11.1,29602.0
2022-05-01,11.7,24234.75
2022-05-02,12.1,24475.5
2022-05-03,11.7,29224.75
2022-05-04,11.9,30038.25
2022-05-05,12.3,30347.75
2022-05-06,12.4,29759.5
2022-05-07,12.8,29618.5
2022-05-08,13.7,33075.0
2022-05-09,15.7,29982.25
2022-05-10,17.5,24141.5
2022-05-11,19.5,29012.0
2022-05-12,18.9,32473.5
2022-05-13,16.0,30356.5
2022-05-14,16.2,32211.25
2022-05-15,16.4,32621.5
2022-05-16,17.7,32821.5
2022-05-17,15.7,31770.75
2022-05-18,16.3,32187.75
2022-05-19,18.5,26577.5
2022-05-20,19.2,26144.25
2022-05-21,14.5,25935.5
2022-05-22,14.8,25808.75
2022-05-23,15.1,26664.75
2022-05-24,14.0,27741.25
2022-05-25,13.6,27231.5
2022-05-26,14.4,31564.75
2022-05-27,13.3,33965.75
2022-05-28,10.4,33498.25
2022-05-29,8.8,34130.0
2022-05-30,11.3,33414.0
2022-05-31,13.3,34003.5
2022-06-01,16.6,31283.75
2022-06-02,16.2,31739.75
2022-06-03,20.6,31133.0
2022-06-04,18.3,31213.5
2022-06-05,17.9,26085.75
2022-06-06,18.7,28481.5
2022-06-07,15.3,29074.5
2022-06-08,17.8,28881.0
2022-06-09,14.2,28621.75
2022-06-10,16.5,28287.5
2022-06-11,18.8,29281.5
2022-06-12,21.8,28777.25
2022-06-13,16.2,29488.5
2022-06-14,16.1,28801.25
2022-06-15,20.3,29257.25
2022-06-16,17.7,28670.5
2022-06-17,18.3,28226.0
2022-06-18,23.4,28285.75
2022-06-19,26.8,27477.5
2022-06-20,19.8,29771.0
2022-06-21,16.0,30296.25
2022-06-22,20.5,27850.75
2022-06-23,22.2,28020.0
2022-06-24,17.8,27242.25
2022-06-25,18.2,26473.25
2022-06-26,21.3,26776.0
2022-06-27,22.7,26205.75
2022-06-28,18.7,27432.25
2022-06-29,18.2,27023.25
2022-06-30,21.1,26333.25
2022-07-01,16.4,25325.5
2022-07-02,16.8,25312.5
2022-07-03,21.9,25914.0
2022-07-04,20.8,27385.5
2022-07-05,17.9,25895.75
2022-07-06,16.8,25855.75
2022-07-07,13.7,28699.0
2022-07-08,14.0,31875.75
2022-07-09,15.5,31467.75
2022-07-10,13.0,31072.5
2022-07-11,14.9,30494.0
2022-07-12,16.8,30203.0
2022-07-13,21.8,30029.5
2022-07-14,20.3,30337.5
2022-07-15,15.4,31232.75
2022-07-16,17.1,32420.0
2022-07-17,18.1,26184.25
2022-07-18,20.5,29589.25
2022-07-19,23.3,35438.5
2022-07-20,24.9,33848.5
2022-07-21,21.7,30624.25
2022-07-22,23.0,30202.75
2022-07-23,20.7,31863.25
2022-07-24,21.5,31471.0
2022-07-25,25.2,32012.75
2022-07-26,21.3,31927.5
2022-07-27,15.5,28529.75
2022-07-28,18.9,22692.25
2022-07-29,19.2,24449.0
2022-07-30,16.8,23925.25
2022-07-31,20.2,23577.25
2022-08-01,20.4,22079.25
2022-08-02,21.4,21676.5
2022-08-03,23.8,25102.0
2022-08-04,25.0,22430.25
2022-08-05,24.5,21642.75
2022-08-06,15.7,21029.75
2022-08-07,16.2,25550.5
2022-08-08,18.2,32657.75
2022-08-09,18.1,33207.5
2022-08-10,18.1,32681.5
2022-08-11,18.2,32132.5
2022-08-12,18.0,32143.5
2022-08-13,19.5,31573.0
2022-08-14,19.4,32037.75
2022-08-15,19.8,33153.25
2022-08-16,21.7,27418.5
2022-08-17,23.5,24130.0
2022-08-18,22.5,23978.5
2022-08-19,19.9,24964.5
2022-08-20,15.7,23795.5
2022-08-21,16.7,29569.5
2022-08-22,14.7,31150.75
2022-08-23,15.4,33233.75
2022-08-24,17.8,32386.5
2022-08-25,19.6,32845.75
2022-08-26,19.7,32682.25
2022-08-27,18.7,31625.25
2022-08-28,17.0,32076.5
2022-08-29,17.7,31110.5
2022-08-30,17.9,30936.0
2022-08-31,15.5,30134.75
2022-09-01,13.8,30489.75
2022-09-02,13.6,27627.5
2022-09-03,16.2,27792.0
2022-09-04,17.5,29166.75
2022-09-05,16.7,29653.0
2022-09-06,16.9,29303.75
2022-09-07,16.5,28680.5
2022-09-08,14.6,27295.75
2022-09-09,13.5,26857.75
2022-09-10,13.4,26630.0
2022-09-11,13.1,27048.0
2022-09-12,13.6,31086.5
2022-09-13,15.6,28572.25
2022-09-14,15.9,29224.25
2022-09-15,13.9,31841.0
2022-09-16,10.3,30210.5
2022-09-17,7.8,29901.0
2022-09-18,7.5,30116.5
2022-09-19,8.6,29577.0
2022-09-20,6.9,30018.5
2022-09-21,7.5,31222.0
2022-09-22,7.1,31438.25
2022-09-23,7.4,31322.25
2022-09-24,9.9,31094.0
2022-09-25,10.9,31082.0
2022-09-26,10.7,31031.75
2022-09-27,7.5,32109.5
2022-09-28,7.4,24984.5
2022-09-29,8.2,30221.25
2022-09-30,9.9,30829.0
2022-10-01,9.4,30997.5
2022-10-02,10.6,30687.75
2022-10-03,9.9,30044.75
2022-10-04,9.8,29983.75
2022-10-05,10.3,30401.0
2022-10-06,12.5,31063.0
2022-10-07,10.9,30979.0
2022-10-08,10.0,28412.75
2022-10-09,7.7,29578.25
2022-10-10,12.2,29422.0
2022-10-11,10.2,27063.75
2022-10-12,9.8,27169.25
2022-10-13,10.2,26723.0
2022-10-14,11.1,25709.25
2022-10-15,13.0,24850.0
2022-10-16,15.5,25994.75
2022-10-17,10.9,26301.75
2022-10-18,12.9,27780.0
2022-10-19,8.1,27630.25
2022-10-20,6.5,30898.5
2022-10-21,7.5,31117.75
2022-10-22,11.7,30853.0
2022-10-23,10.6,30765.25
2022-10-24,12.3,31145.5
2022-10-25,10.0,30718.5
2022-10-26,10.4,29606.0
2022-10-27,13.0,30085.0
2022-10-28,12.1,30074.75
2022-10-29,14.0,24736.5
2022-10-30,14.4,31843.5
2022-10-31,13.4,31268.25
2022-11-01,11.7,30062.0
2022-11-02,8.8,32665.25
2022-11-03,7.6,32191.5
2022-11-04,6.6,31387.75
2022-11-05,5.8,30320.25
2022-11-06,3.3,31878.25
2022-11-07,8.0,30312.5
2022-11-08,6.3,30113.25
2022-11-09,4.4,30563.0
2022-11-10,7.8,29416.5
2022-11-11,6.6,28887.0
2022-11-12,5.7,27427.5
2022-11-13,2.7,23732.75
2022-11-14,5.3,23781.25
2022-11-15,2.4,23828.0
2022-11-16,4.9,27259.5
2022-11-17,4.7,30411.5
2022-11-18,2.0,29769.25
2022-11-19,-3.5,29784.0
2022-11-20,-0.4,34023.75
2022-11-21,1.7,35080.25
2022-11-22,0.4,36203.5
2022-11-23,0.9,35417.5
2022-11-24,4.4,34207.0
2022-11-25,3.0,32677.0
2022-11-26,4.8,31214.0
2022-11-27,-0.9,36516.75
2022-11-28,1.0,32703.25
2022-11-29,0.9,35137.0
2022-11-30,0.8,37290.0
2022-12-01,1.1,36899.75
2022-12-02,-0.9,35613.0
2022-12-03,-0.1,35798.75
2022-12-04,2.8,38167.5
2022-12-05,2.5,36015.0
2022-12-06,1.4,42404.25
2022-12-07,0.6,38847.5
2022-12-08,-0.6,39053.5
2022-12-09,-2.1,34651.5
2022-12-10,-1.1,34556.25
2022-12-11,-4.3,38269.0
2022-12-12,-6.1,37180.25
2022-12-13,-9.4,38026.0
2022-12-14,-5.1,37046.5
2022-12-15,-4.8,34847.0
2022-12-16,-3.8,32745.5
2022-12-17,-5.5,31377.0
2022-12-18,-10.1,31591.75
2022-12-19,-3.5,31015.0
2022-12-20,-2.8,31184.25
2022-12-21,-0.6,33605.5
2022-12-22,5.4,34234.25
2022-12-23,6.7,32800.75
2022-12-24,7.1,31517.25
2022-12-25,5.9,31180.75
2022-12-26,7.0,30893.5
2022-12-27,1.2,25890.25
2022-12-28,3.1,30187.5
2022-12-29,7.0,30076.75
2022-12-30,5.6,29791.25
2022-12-31,13.0,29318.75
2023-01-01,12.0,30752.75
2023-01-02,10.2,31248.25
2023-01-03,6.6,24562.75
2023-01-04,8.3,25622.25
2023-01-05,10.7,32210.5
2023-01-06,8.7,30437.75
2023-01-07,7.4,31560.75
2023-01-08,7.3,31917.0
2023-01-09,6.5,31170.25
2023-01-10,6.1,30547.75
2023-01-11,8.6,29998.75
2023-01-12,9.2,28644.5
2023-01-13,9.0,28096.5
2023-01-14,8.9,27679.25
2023-01-15,7.4,27888.25
2023-01-16,4.8,30681.25
2023-01-17,1.8,28362.5
2023-01-18,1.2,31132.0
2023-01-19,-1.2,30005.75
2023-01-20,-1.2,32274.5
2023-01-21,-1.4,32330.25
2023-01-22,0.5,33408.0
2023-01-23,2.0,35023.75
2023-01-24,3.7,34145.5
2023-01-25,2.9,35923.75
2023-01-26,0.3,34617.0
2023-01-27,0.1,33698.5
2023-01-28,1.4,33441.5
2023-01-29,0.5,34235.0
2023-01-30,0.5,34820.75
2023-01-31,3.0,35240.0
2023-02-01,5.0,33211.75
2023-02-02,6.1,36999.25
2023-02-03,6.8,31437.25
2023-02-04,6.1,25951.25
2023-02-05,3.1,32709.75
2023-02-06,3.3,35777.75
2023-02-07,0.2,35369.0
2023-02-08,-1.4,32324.25
2023-02-09,-1.2,33617.75
2023-02-10,-0.7,33035.0
2023-02-11,0.2,33603.25
2023-02-12,2.3,33928.5
2023-02-13,2.9,34610.5
2023-02-14,2.1,35274.25
2023-02-15,2.6,33873.75
2023-02-16,5.9,31697.5
2023-02-17,10.7,31959.0
2023-02-18,12.1,30344.0
2023-02-19,9.6,30119.5
2023-02-20,8.0,31863.75
2023-02-21,7.0,34610.25
2023-02-22,7.7,33585.0
2023-02-23,9.4,36875.5
2023-02-24,8.4,32736.75
2023-02-25,4.8,33466.0
2023-02-26,0.8,34628.0
2023-02-27,1.2,33478.25
2023-02-28,0.3,35547.0
2023-03-01,1.4,34962.25
2023-03-02,2.8,38547.25
2023-03-03,3.8,33847.0
2023-03-04,3.2,31724.25
2023-03-05,3.2,30094.75
2023-03-06,3.1,27273.5
2023-03-07,4.0,33141.75
2023-03-08,8.3,33740.0
2023-03-09,12.2,31631.0
2023-03-10,9.0,32282.75
2023-03-11,4.1,34389.25
2023-03-12,8.6,32192.0
2023-03-13,15.0,32595.75
2023-03-14,8.9,33244.25
2023-03-15,5.0,33434.0
2023-03-16,5.7,33700.25
2023-03-17,10.0,33290.0
2023-03-18,11.5,32605.5
2023-03-19,10.7,32789.0
2023-03-20,9.3,33151.0
2023-03-21,9.7,32115.75
2023-03-22,12.5,32429.75
2023-03-23,14.2,32436.75
2023-03-24,12.4,32156.0
2023-03-25,9.8,31205.75
2023-03-26,8.8,33931.75
2023-03-27,5.6,33012.75
2023-03-28,6.0,32493.25
2023-03-29,13.4,32056.5
2023-03-30,14.0,32151.25
2023-03-31,11.9,30297.5
2023-04-01,9.2,28930.0
2023-04-02,9.2,30232.0
2023-04-03,5.9,30351.25
2023-04-04,4.1,30942.5
2023-04-05,4.6,31004.75
2023-04-06,6.9,25918.25
2023-04-07,7.2,31216.25
2023-04-08,8.6,31694.0
2023-04-09,9.0,30667.75
2023-04-10,11.1,31091.75
2023-04-11,11.6,31850.25
2023-04-12,10.2,31542.5
2023-04-13,7.5,31449.5
2023-04-14,8.2,30764.5
2023-04-15,9.0,30403.5
2023-04-16,8.8,30622.25
2023-04-17,10.1,30371.5
2023-04-18,10.6,33798.75
2023-04-19,10.2,29764.0
2023-04-20,7.0,31348.0
2023-04-21,8.5,28071.25
2023-04-22,12.7,27230.25
2023-04-23,13.5,27511.25
2023-04-24,10.9,28453.5
2023-04-25,8.6,27896.5
2023-04-26,9.6,25166.5
2023-04-27,13.6,29316.75
2023-04-28,15.4,26579.5
2023-04-29,15.4,27654.25
2023-04-30,14.1,28538.5
2023-05-01,13.3,29628.0
2023-05-02,12.9,29833.0
2023-05-03,13.4,30075.25
2023-05-04,16.4,29444.25
2023-05-05,17.2,31352.0
2023-05-06,17.0,30693.25
2023-05-07,15.8,29376.5
2023-05-08,16.3,26871.25
2023-05-09,15.6,26915.5
2023-05-10,13.6,27173.5
2023-05-11,12.5,27314.0
2023-05-12,13.5,27882.0
2023-05-13,13.4,28383.75
2023-05-14,13.1,29399.5
2023-05-15,13.2,29458.75
2023-05-16,11.5,27277.75
2023-05-17,11.2,29450.75
2023-05-18,12.2,29288.0
2023-05-19,13.6,28689.75
2023-05-20,15.3,29316.25
2023-05-21,18.2,29286.25
2023-05-22,20.0,29015.25
2023-05-23,18.2,29515.75
2023-05-24,13.8,30785.5
2023-05-25,15.4,33023.5
2023-05-26,17.9,35258.0
2023-05-27,18.7,35112.75
2023-05-28,18.8,33353.25
2023-05-29,19.3,26763.0
2023-05-30,19.2,26025.5
2023-05-31,19.8,24776.25
2023-06-01,20.3,22704.75
2023-06-02,20.1,21835.25
2023-06-03,20.1,21634.0
2023-06-04,19.6,21714.75
2023-06-05,20.5,23637.5
2023-06-06,20.8,21755.0
2023-06-07,20.5,21837.0
2023-06-08,21.0,22667.5
2023-06-09,22.3,23037.75
2023-06-10,23.4,23999.75
2023-06-11,23.6,24803.75
2023-06-12,23.1,25092.0
2023-06-13,21.4,25267.0
2023-06-14,20.9,25059.0
2023-06-15,21.2,24989.5
2023-06-16,22.0,25096.75
2023-06-17,22.6,25299.25
2023-06-18,23.7,25336.5
2023-06-19,24.6,26239.25
2023-06-20,24.7,25722.25
2023-06-21,23.3,26085.75
2023-06-22,22.4,26912.75
2023-06-23,21.2,27325.5
2023-06-24,22.0,27595.25
2023-06-25,23.5,27554.5
2023-06-26,23.9,26698.0
2023-06-27,20.6,27896.5
2023-06-28,21.0,28939.75
2023-06-29,22.8,28747.25
2023-06-30,19.4,28164.75
2023-07-01,19.3,27215.25
2023-07-02,20.4,28412.25
2023-07-03,20.6,28275.75
2023-07-04,21.6,25513.5
2023-07-05,20.0,25538.25
2023-07-06,20.8,25742.0
2023-07-07,23.8,25934.5
2023-07-08,24.4,27874.5
2023-07-09,27.4,28106.0
2023-07-10,26.2,27767.75
2023-07-11,27.5,30241.0
2023-07-12,23.3,33157.25
2023-07-13,21.9,29531.25
2023-07-14,22.6,33498.25
2023-07-15,25.4,33012.25
2023-07-16,20.7,34139.75
2023-07-17,22.7,33774.25
2023-07-18,22.3,30685.25
2023-07-19,24.7,32151.0
2023-07-20,22.3,31575.5
2023-07-21,20.1,33322.75
2023-07-22,21.2,34808.0
2023-07-23,22.4,35493.25
2023-07-24,20.3,34903.25
2023-07-25,17.6,36234.75
2023-07-26,16.2,36622.75
2023-07-27,19.3,33985.5
2023-07-28,20.7,29425.25
2023-07-29,21.0,33900.5
2023-07-30,20.3,35307.5
2023-07-31,19.8,28385.75
2023-08-01,19.2,29914.5
2023-08-02,21.0,29647.75
2023-08-03,19.7,27480.75
2023-08-04,17.3,28090.5
2023-08-05,18.0,34607.75
2023-08-06,15.1,33123.25
2023-08-07,15.2,32252.25
2023-08-08,16.9,26359.0
2023-08-09,19.1,31156.25
2023-08-10,21.1,31150.25
2023-08-11,23.4,26523.75
2023-08-12,23.8,26862.75
2023-08-13,24.0,27440.0
2023-08-14,25.4,32148.5
2023-08-15,24.8,32588.0
2023-08-16,24.7,32813.25
2023-08-17,23.9,32320.75
2023-08-18,25.5,31301.75
2023-08-19,26.7,31805.25
2023-08-20,27.0,34241.0
2023-08-21,28.0,34888.5
2023-08-22,27.8,33533.25
2023-08-23,26.8,33466.25
2023-08-24,26.3,34832.0
2023-08-25,23.1,34742.75
2023-08-26,19.2,35015.0
2023-08-27,17.1,35268.0
2023-08-28,14.4,34873.0
2023-08-29,14.6,31243.75
2023-08-30,16.4,30524.0
2023-08-31,17.0,31966.25
2023-09-01,20.0,31241.5
2023-09-02,20.8,35384.0
2023-09-03,21.1,35405.25
2023-09-04,22.1,35266.0
2023-09-05,22.2,32776.75
2023-09-06,21.6,32779.0
2023-09-07,22.9,33335.0
2023-09-08,23.9,34796.5
2023-09-09,24.2,33799.0
2023-09-10,24.0,34285.0
2023-09-11,24.2,32624.0
2023-09-12,24.1,32757.75
2023-09-13,20.0,35803.75
2023-09-14,19.5,36064.5
2023-09-15,19.8,32570.25
2023-09-16,20.8,34839.0
2023-09-17,22.3,39468.25
2023-09-18,19.6,35289.75
2023-09-19,19.1,31983.75
2023-09-20,18.4,34774.75
2023-09-21,19.4,35601.75
2023-09-22,15.8,35299.75
2023-09-23,13.9,35535.75
2023-09-24,13.7,34450.5
2023-09-25,14.0,34600.75
2023-09-26,15.1,33412.0
2023-09-27,16.0,33094.75
2023-09-28,18.4,34978.0
2023-09-29,18.7,33106.5
2023-09-30,17.5,36686.75
2023-10-01,16.8,36329.0
2023-10-02,18.1,34389.25
2023-10-03,18.4,34176.5
2023-10-04,14.6,35395.75
2023-10-05,13.1,35351.0
2023-10-06,12.9,34122.25
2023-10-07,13.9,36476.0
2023-10-08,16.8,36679.25
2023-10-09,18.2,39332.0
2023-10-10,17.1,35773.0
2023-10-11,17.3,37220.0
2023-10-12,18.7,34401.75
2023-10-13,20.2,35458.25
2023-10-14,16.0,35523.25
2023-10-15,10.1,37306.25
2023-10-16,7.8,38249.0
2023-10-17,8.5,35591.0
2023-10-18,10.6,35679.5
2023-10-19,14.3,34924.5
2023-10-20,14.6,32145.5
2023-10-21,14.4,33175.0
2023-10-22,11.8,33172.5
2023-10-23,10.1,36812.0
2023-10-24,11.7,33428.75
2023-10-25,12.3,33088.75
2023-10-26,12.9,35455.25
2023-10-27,11.9,34616.5
2023-10-28,13.0,29303.25
2023-10-29,13.0,35720.25
2023-10-30,11.7,35792.25
2023-10-31,11.4,35536.25
2023-11-01,9.8,35231.75
2023-11-02,9.2,33867.0
2023-11-03,7.9,32266.25
2023-11-04,9.0,32276.75
2023-11-05,11.8,32947.5
2023-11-06,10.7,31003.0
2023-11-07,8.2,29923.25
2023-11-08,7.2,30476.75
2023-11-09,8.0,32150.0
2023-11-10,9.1,34132.0
2023-11-11,7.2,34039.0
2023-11-12,6.1,33787.5
2023-11-13,14.4,31106.0
2023-11-14,12.0,33536.25
2023-11-15,10.1,38660.25
2023-11-16,8.6,35988.5
2023-11-17,7.3,35769.25
2023-11-18,6.4,34837.25
2023-11-19,12.9,33944.25
2023-11-20,11.1,33247.0
2023-11-21,8.5,31507.75
2023-11-22,4.6,33050.0
2023-11-23,4.0,31025.25
2023-11-24,6.9,31724.0
2023-11-25,3.5,34031.75
2023-11-26,3.2,32617.5
2023-11-27,3.3,33225.0
2023-11-28,4.1,33661.25
2023-11-29,2.0,36315.5
2023-11-30,2.1,36313.25
2023-12-01,2.6,33638.25
2023-12-02,-0.1,33671.0
2023-12-03,-2.5,34343.5
2023-12-04,-0.3,33970.25
2023-12-05,5.4,37868.25
2023-12-06,4.7,38946.5
2023-12-07,1.7,34501.0
2023-12-08,5.6,33028.75
2023-12-09,7.8,30747.75
2023-12-10,9.9,32296.75
2023-12-11,11.2,35525.0
2023-12-12,11.1,34162.25
2023-12-13,8.6,33753.25
2023-12-14,7.2,35340.0
2023-12-15,5.5,32955.5
2023-12-16,2.9,32453.75
2023-12-17,1.7,34466.5
2023-12-18,2.7,36874.25
2023-12-19,3.4,34187.75
2023-12-20,5.8,30891.25
2023-12-21,8.4,29996.0
2023-12-22,8.9,33727.25
2023-12-23,8.2,33171.5
2023-12-24,9.7,33256.0
2023-12-25,8.9,33006.75
2023-12-26,6.9,36108.5
2023-12-27,4.6,34916.5
2023-12-28,7.3,33108.5
2023-12-29,10.1,33966.5
2023-12-30,8.0,33267.0
2023-12-31,5.6,26885.0
2024-01-01,6.5,28630.0
2024-01-02,9.2,33057.75
2024-01-03,10.9,32175.25
2024-01-04,7.8,33459.75
2024-01-05,6.2,30790.5
2024-01-06,5.3,31610.75
2024-01-07,3.3,32084.0
